transientid,ML_PROB
0.015924_DM_221.96_beam_1C2020_02_02_11:55:53.fil.hdf5,1.0
0.016748_DM_430.23_beam_0I2020_01_12_23:36:46.fil.hdf5,0.99999225
0.018379_DM_148.90_beam_2C2020_02_14_04:34:59.fil.hdf5,1.0
0.019599_DM_1325.12_beam_7C2020_02_14_04:31:25.fil.hdf5,1.0
0.019599_DM_1364.37_beam_2C2020_02_14_04:31:25.fil.hdf5,1.0
0.028177_DM_373.00_beam_343C2020_04_12_04:09:49.fil.hdf5,1.0
0.028178_DM_89.64_beam_270C2020_01_20_11:16:13.fil.hdf5,1.0
0.028693_DM_274.15_beam_0I2020_01_12_23:48:33.fil.hdf5,0.99996996
0.034507_DM_114.51_beam_0I2020_01_12_23:48:46.fil.hdf5,1.0
0.035527_DM_877.50_beam_251C2020_05_31_19:47:03.fil.hdf5,1.0
0.036746_DM_456.12_beam_148C2020_05_31_18:19:16.fil.hdf5,0.99962866
0.036748_DM_645.85_beam_376C2020_05_31_19:47:03.fil.hdf5,1.0
0.036749_DM_83.20_beam_274C2020_01_20_11:16:13.fil.hdf5,1.0
0.039199_DM_771.88_beam_227C2020_04_13_07:10:28.fil.hdf5,0.9987507
0.054048_DM_137.23_beam_0I2020_05_24_23:26:37.fil.hdf5,0.9999999
0.055944_DM_588.02_beam_0I2020_01_12_23:41:02.fil.hdf5,0.9999994
0.058803_DM_66.31_beam_6C2020_02_02_04:04:46.fil.hdf5,1.0
0.061252_DM_380.68_beam_0C2020_03_20_02:13:06.fil.hdf5,0.99999905
0.062013_DM_58.94_beam_4C2020_02_02_04:37:01.fil.hdf5,0.9999994
0.075944_DM_3085.75_beam_230C2020_05_25_02:11:06.fil.hdf5,1.0
0.077019_DM_341.38_beam_0I2020_01_12_23:26:37.fil.hdf5,0.9999999
0.077781_DM_54.95_beam_1C2020_02_03_02:21:25.fil.hdf5,1.0
0.078401_DM_3069.75_beam_70C2020_05_25_02:11:06.fil.hdf5,1.0
0.078401_DM_867.37_beam_381C2020_05_31_19:47:03.fil.hdf5,1.0
0.084982_DM_97.32_beam_0I2020_01_12_23:59:01.fil.hdf5,0.9999993
0.088194_DM_2267.50_beam_0C2020_04_19_20:06:37.fil.hdf5,1.0
0.095085_DM_103.46_beam_0C2020_03_31_00:24:22.fil.hdf5,0.99999404
0.095395_DM_103.46_beam_9C2020_03_31_00:24:22.fil.hdf5,0.99999964
0.097994_DM_656.48_beam_3C2020_02_04_03:18:03.fil.hdf5,1.0
0.108254_DM_88.42_beam_0I2020_01_12_23:33:22.fil.hdf5,1.0
0.108927_DM_168.54_beam_0I2020_01_12_23:34:51.fil.hdf5,0.99957436
0.120201_DM_140.61_beam_0I2020_01_12_23:45:11.fil.hdf5,0.9999999
0.131227_DM_378.53_beam_692C2020_04_13_07:12:42.fil.hdf5,0.99744594
0.139644_DM_377.00_beam_314C2020_04_12_06:23:45.fil.hdf5,1.0
0.142098_DM_2019.37_beam_102C2020_05_31_18:22:12.fil.hdf5,0.99999976
0.158331_DM_90.87_beam_0C2020_04_13_07:47:59.fil.hdf5,0.99677163
0.166593_DM_367.79_beam_317C2020_04_12_06:23:45.fil.hdf5,1.0
0.175172_DM_355.20_beam_442C2020_04_12_06:23:45.fil.hdf5,0.99999595
0.18007_DM_352.74_beam_318C2020_04_12_06:23:45.fil.hdf5,1.0
0.185795_DM_373.00_beam_0I2020_05_24_23:21:10.fil.hdf5,1.0
0.198449_DM_1144.08_beam_8C2020_02_02_04:35:20.fil.hdf5,1.0
0.199516_DM_58.33_beam_0C2020_02_27_00:35:55.fil.hdf5,1.0
0.199827_DM_58.33_beam_11C2020_02_27_00:35:55.fil.hdf5,1.0
0.204107_DM_51.27_beam_6C2020_02_02_04:24:30.fil.hdf5,0.99979705
0.204934_DM_54.65_beam_4C2020_02_02_07:49:18.fil.hdf5,0.9996487
0.208859_DM_56.49_beam_5C2020_02_02_04:24:30.fil.hdf5,0.9974585
0.210145_DM_303.62_beam_0I2020_05_24_23:21:17.fil.hdf5,1.0
0.210391_DM_612.14_beam_0I2020_01_12_23:37:44.fil.hdf5,0.9997893
0.212995_DM_159.03_beam_0I2020_01_12_23:34:16.fil.hdf5,0.9999995
0.219271_DM_2877.91_beam_331C2020_04_12_03:33:19.fil.hdf5,1.0
0.223559_DM_57.72_beam_7C2020_02_04_02:46:25.fil.hdf5,1.0
0.224173_DM_55.26_beam_3C2020_02_04_02:46:25.fil.hdf5,1.0
0.224786_DM_55.87_beam_0C2020_02_04_02:46:25.fil.hdf5,1.0
0.230298_DM_55.57_beam_6C2020_02_04_02:46:25.fil.hdf5,1.0
0.23045_DM_352.74_beam_0I2020_01_12_23:31:12.fil.hdf5,0.98672026
0.233357_DM_53.73_beam_9C2020_02_04_02:46:25.fil.hdf5,1.0
0.235191_DM_1915.82_beam_50C2020_04_12_05:16:22.fil.hdf5,1.0
0.237858_DM_428.28_beam_0I2020_01_12_23:36:28.fil.hdf5,0.9998641
0.243773_DM_86.57_beam_0C2020_03_31_02:55:11.fil.hdf5,0.9853823
0.2574_DM_373.93_beam_0I2020_01_12_23:35:23.fil.hdf5,0.99981016
0.261228_DM_503.26_beam_0I2020_01_12_23:38:37.fil.hdf5,0.9998908
0.266641_DM_573.02_beam_0I2020_01_12_23:37:37.fil.hdf5,0.9999894
0.27317_DM_349.37_beam_10C2020_02_14_04:43:22.fil.hdf5,0.99942017
0.274391_DM_1544.04_beam_493C2020_04_13_01:02:11.fil.hdf5,1.0
0.274548_DM_105.92_beam_0I2020_01_12_23:37:02.fil.hdf5,0.99999917
0.284653_DM_151.35_beam_0I2020_01_12_23:31:39.fil.hdf5,1.0
0.306553_DM_61.40_beam_6C2020_02_02_08:03:52.fil.hdf5,0.99812585
0.31543_DM_34.38_beam_10C2020_04_14_02:29:25.fil.hdf5,0.9997181
0.316714_DM_376.69_beam_0I2020_01_12_23:37:27.fil.hdf5,0.9999964
0.320542_DM_52.19_beam_1C2020_02_04_02:46:19.fil.hdf5,1.0
0.320791_DM_55.26_beam_8C2020_02_02_08:03:52.fil.hdf5,0.9999865
0.323295_DM_315.29_beam_0I2020_01_12_23:56:25.fil.hdf5,0.9998356
0.323388_DM_2475.99_beam_273C2020_01_02_15:27:13.fil.hdf5,0.7572216
0.324926_DM_46.05_beam_0I2020_04_13_01:05:24.fil.hdf5,1.0
0.325227_DM_465.44_beam_2C2020_02_02_04:32:08_1.fil.hdf5,1.0
0.333806_DM_464.79_beam_11C2020_02_02_04:32:08.fil.hdf5,1.0
0.352796_DM_2654.34_beam_532C2020_04_13_00:54:01.fil.hdf5,1.0
0.354664_DM_961.05_beam_10C2020_05_30_10:21:16.fil.hdf5,0.9565204
0.354688_DM_77.06_beam_0I2020_01_12_23:33:26.fil.hdf5,1.0
0.363359_DM_45.74_beam_2C2020_03_23_03:07:49.fil.hdf5,1.0
0.364486_DM_177.75_beam_0I2020_01_12_23:36:39.fil.hdf5,0.99999905
0.368719_DM_3021.10_beam_26C2019_12_18_08:44:19.fil.hdf5,1.0
0.372239_DM_352.74_beam_0I2020_01_12_23:55:03.fil.hdf5,0.9994804
0.376221_DM_207.84_beam_0C2020_03_15_23:13:44.fil.hdf5,0.99998224
0.376525_DM_89.34_beam_0I2020_01_12_23:54:01.fil.hdf5,0.99999976
0.019602_DM_633.00_beam_1C2020_02_14_04:58:13.fil.hdf5,1.0
0.019602_DM_639.52_beam_8C2020_02_14_04:58:13.fil.hdf5,1.0
0.019604_DM_143.06_beam_5C2020_02_02_11:55:53.fil.hdf5,1.0
0.019604_DM_953.46_beam_485C2020_05_31_19:47:03.fil.hdf5,1.0
0.020215_DM_634.96_beam_9C2020_02_14_04:58:13.fil.hdf5,1.0
0.020823_DM_404.80_beam_11C2020_02_14_04:34:59.fil.hdf5,1.0
0.020823_DM_407.41_beam_9C2020_02_14_04:34:59.fil.hdf5,1.0
0.022053_DM_102.23_beam_80C2020_04_12_03:33:21.fil.hdf5,0.8065853
0.0245_DM_141.83_beam_7C2020_02_03_00:02:49.fil.hdf5,1.0
0.01776_DM_500.65_beam_0C2020_04_19_18:00:58.fil.hdf5,1.0
0.001744_DM_77.67_beam_0I2020_01_12_23:45:29.fil.hdf5,0.9999999
0.005111_DM_163.63_beam_0I2020_01_12_23:56:33.fil.hdf5,0.9995802
0.005202_DM_34.08_beam_602C2020_04_23_23:03:35.fil.hdf5,0.99998
0.006127_DM_654.52_beam_8C2020_02_14_05:03:57.fil.hdf5,1.0
0.009796_DM_285.20_beam_11C2020_03_31_00:06:52.fil.hdf5,0.99998367
0.009798_DM_303.62_beam_379C2020_01_12_22:22:58.fil.hdf5,1.0
0.009798_DM_303.93_beam_430C2020_01_12_22:22:58.fil.hdf5,1.0
0.009798_DM_526.08_beam_373C2020_01_12_22:22:58.fil.hdf5,1.0
0.009798_DM_526.08_beam_424C2020_01_12_22:22:58.fil.hdf5,1.0
0.0098_DM_31.01_beam_0C2020_04_19_19:53:51.fil.hdf5,1.0
0.01041_DM_360.42_beam_297C2020_04_13_07:10:29.fil.hdf5,0.9999994
0.011023_DM_147.67_beam_1C2020_02_02_08:02:19.fil.hdf5,1.0
0.011025_DM_381.33_beam_9C2020_03_31_02:07:38.fil.hdf5,1.0
0.012858_DM_135.39_beam_255C2020_01_20_11:16:13.fil.hdf5,1.0
0.012863_DM_283.67_beam_6C2020_03_31_00:06:52.fil.hdf5,0.9999994
0.012866_DM_143.98_beam_3C2020_02_14_05:03:57.fil.hdf5,1.0
0.013472_DM_148.90_beam_299C2020_01_20_11:16:13.fil.hdf5,1.0
0.013472_DM_294.41_beam_4C2020_02_14_04:50:48.fil.hdf5,0.9999987
0.013472_DM_296.56_beam_0C2020_02_14_04:50:48.fil.hdf5,1.0
0.013476_DM_163.02_beam_0C2020_04_12_02:51:11.fil.hdf5,1.0
0.014085_DM_149.20_beam_295C2020_01_20_11:16:13.fil.hdf5,0.9999999
0.014699_DM_206.00_beam_291C2020_01_20_11:16:13.fil.hdf5,1.0
0.014702_DM_252.97_beam_9C2020_02_02_09:13:17.fil.hdf5,1.0
0.014702_DM_253.58_beam_6C2020_02_02_09:13:17.fil.hdf5,1.0
0.014702_DM_254.50_beam_2C2020_02_02_09:13:17.fil.hdf5,0.9999999
0.015311_DM_139.99_beam_0C2020_02_14_05:03:57.fil.hdf5,1.0
0.0245_DM_141.83_beam_9C2020_02_03_00:02:49.fil.hdf5,0.99896
0.026335_DM_569.11_beam_1C2020_02_02_04:09:09.fil.hdf5,1.0
0.02695_DM_68.15_beam_4C2020_03_31_03:03:35.fil.hdf5,1.0
0.391993_DM_771.88_beam_0C2020_03_20_00:10:33.fil.hdf5,1.0
0.396491_DM_404.80_beam_5C2020_02_04_01:52:25_1.fil.hdf5,1.0
0.400564_DM_123.72_beam_0C2020_04_19_16:23:03.fil.hdf5,0.9999995
0.401946_DM_235.78_beam_0I2020_01_12_23:35:06.fil.hdf5,0.99999905
0.429506_DM_42.98_beam_0I2020_05_24_23:19:50.fil.hdf5,0.99999166
0.436086_DM_1616.89_beam_10C2020_02_14_05:07:11.fil.hdf5,0.99998367
0.440989_DM_2009.32_beam_195C2020_05_31_18:22:00.fil.hdf5,0.9999157
0.440994_DM_350.59_beam_7C2020_02_14_05:15:53.fil.hdf5,1.0
0.443345_DM_96.09_beam_0I2020_01_12_23:27:51.fil.hdf5,0.9999969
0.449104_DM_43.29_beam_527C2020_04_23_23:09:00.fil.hdf5,0.9891839
0.44916_DM_296.56_beam_0I2020_01_12_23:31:48.fil.hdf5,0.9999764
0.454001_DM_51.58_beam_7C2020_02_21_20:27:41.fil.hdf5,1.0
0.459826_DM_111.44_beam_0I2020_01_12_23:35:30.fil.hdf5,0.99991727
0.461717_DM_69.69_beam_0I2020_01_12_23:20:01.fil.hdf5,0.9999975
0.461721_DM_424.36_beam_35C2019_12_18_08:44:07.fil.hdf5,0.9979918
0.464568_DM_52.19_beam_11C2020_02_02_04:24:07.fil.hdf5,0.99984705
0.477957_DM_80.43_beam_0I2020_01_12_23:34:20.fil.hdf5,0.9999982
0.482238_DM_44.82_beam_0I2020_05_24_23:20:34.fil.hdf5,0.99999976
0.485914_DM_216.44_beam_0I2020_01_12_23:44:12_1.fil.hdf5,0.99999106
0.499995_DM_152.58_beam_0I2020_04_13_02:10:45.fil.hdf5,1.0
0.499995_DM_1533.28_beam_73C2020_05_31_19:52:42.fil.hdf5,1.0
0.499995_DM_189.73_beam_116C2019_12_06_15:26:26.fil.hdf5,0.9999999
0.499995_DM_198.32_beam_0I2020_04_22_16:52:12.fil.hdf5,1.0
0.499995_DM_203.54_beam_216C2019_12_06_15:26:26.fil.hdf5,0.99989426
0.499995_DM_294.72_beam_2C2020_03_31_00:07:15.fil.hdf5,0.9990747
0.499995_DM_29.47_beam_560C2020_04_23_23:00:18.fil.hdf5,0.9999999
0.499995_DM_355.20_beam_4C2020_03_31_00:11:16.fil.hdf5,1.0
0.499995_DM_36.53_beam_331C2019_12_06_15:48:17.fil.hdf5,0.99999356
0.499995_DM_376.69_beam_0C2020_03_20_03:41:22.fil.hdf5,1.0
0.499995_DM_41.45_beam_1C2020_04_14_01:48:41.fil.hdf5,1.0
0.499995_DM_502.60_beam_8C2020_02_02_12:06:34.fil.hdf5,1.0
0.499995_DM_51.88_beam_5C2020_02_16_01:50:44.fil.hdf5,1.0
0.499995_DM_55.57_beam_11C2020_02_02_05:44:01.fil.hdf5,0.9999999
0.499995_DM_602.36_beam_542C2020_04_13_00:54:36.fil.hdf5,1.0
0.499995_DM_60.79_beam_9C2020_02_16_01:45:37.fil.hdf5,0.9999988
0.499995_DM_64.16_beam_557C2020_04_23_22:58:40.fil.hdf5,1.0
0.499995_DM_931.40_beam_159C2020_04_27_02:17:33.fil.hdf5,1.0
0.499996_DM_1049.13_beam_9C2020_02_04_02:37:03.fil.hdf5,1.0
0.499996_DM_113.90_beam_11C2020_04_07_04:53:20.fil.hdf5,1.0
0.499996_DM_132.93_beam_53C2020_04_13_00:48:33.fil.hdf5,0.9999999
0.499996_DM_1341.58_beam_8C2020_02_02_04:42:12.fil.hdf5,0.91421336
0.499996_DM_1359.30_beam_531C2020_01_20_09:47:09.fil.hdf5,0.99935013
0.499996_DM_139.99_beam_517C2020_04_13_00:48:33.fil.hdf5,1.0
0.499996_DM_1466.91_beam_443C2020_01_02_15:33:13.fil.hdf5,0.99999547
0.499996_DM_1526.42_beam_661C2020_04_13_02:21:13.fil.hdf5,0.9999999
0.499996_DM_159.03_beam_559C2020_04_27_02:19:46.fil.hdf5,0.999998
0.499996_DM_161.48_beam_0I2020_01_12_23:24:31.fil.hdf5,0.9999994
0.499996_DM_172.53_beam_248C2019_12_18_08:43:56.fil.hdf5,0.999589
0.499996_DM_21.49_beam_201C2020_05_31_18:24:10.fil.hdf5,0.9994223
0.499996_DM_230.86_beam_0I2020_01_12_23:31:31.fil.hdf5,0.9759275
0.499996_DM_2491.06_beam_360C2019_12_18_08:41:49.fil.hdf5,0.9999682
0.499996_DM_25.17_beam_0C2020_03_23_02:56:38.fil.hdf5,0.99999404
0.499996_DM_253.28_beam_0I2020_01_12_23:59:46.fil.hdf5,0.9999988
0.499996_DM_26.71_beam_63C2020_04_23_23:00:46.fil.hdf5,1.0
0.499996_DM_26.71_beam_753C2020_04_23_23:04:40.fil.hdf5,0.99955124
0.499996_DM_27.32_beam_429C2020_04_23_23:00:20.fil.hdf5,1.0
0.499996_DM_27.63_beam_497C2020_04_23_23:00:03.fil.hdf5,0.9999999
0.499996_DM_29.47_beam_518C2020_04_23_23:04:40.fil.hdf5,0.96899915
0.499996_DM_3036.17_beam_2C2020_02_02_03:00:21.fil.hdf5,1.0
0.499996_DM_32.54_beam_163C2019_12_06_15:45:15.fil.hdf5,0.9999999
0.499996_DM_3282.68_beam_469C2020_04_22_16:16:50.fil.hdf5,1.0
0.499996_DM_32.85_beam_424C2019_12_06_15:48:46.fil.hdf5,1.0
0.499996_DM_33.77_beam_224C2020_04_23_23:00:56.fil.hdf5,1.0
0.499996_DM_343.23_beam_463C2020_04_13_01:55:43.fil.hdf5,1.0
0.499996_DM_356.73_beam_6C2020_02_02_03:54:23.fil.hdf5,0.9997681
0.499996_DM_378.84_beam_7C2020_02_03_22:14:10.fil.hdf5,0.9999919
0.499996_DM_385.24_beam_8C2020_03_18_04:46:44.fil.hdf5,1.0
0.499996_DM_38.99_beam_93C2020_04_23_23:00:33.fil.hdf5,1.0
0.499996_DM_404.15_beam_490C2020_04_13_00:46:39.fil.hdf5,1.0
0.499996_DM_4138.68_beam_8C2020_04_04_00:55:56.fil.hdf5,1.0
0.499996_DM_42.37_beam_159C2020_04_27_17:58:42.fil.hdf5,0.99991715
0.499996_DM_432.84_beam_109C2020_04_13_00:46:09.fil.hdf5,1.0
0.499996_DM_45.13_beam_38C2020_04_13_00:48:20.fil.hdf5,1.0
0.499996_DM_49.43_beam_601C2020_04_23_23:08:13.fil.hdf5,1.0
0.499996_DM_51.27_beam_4C2020_02_04_02:37:58.fil.hdf5,1.0
0.499996_DM_51.58_beam_8C2020_02_03_23:10:13.fil.hdf5,0.9999995
0.499996_DM_51.88_beam_518C2019_12_06_15:27:20.fil.hdf5,0.99999714
0.499996_DM_52.19_beam_2C2020_02_02_12:00:14.fil.hdf5,1.0
0.499996_DM_52.19_beam_4C2020_02_21_20:15:45.fil.hdf5,1.0
0.499996_DM_52.19_beam_6C2020_02_21_20:37:58.fil.hdf5,0.99999785
0.499996_DM_52.50_beam_8C2020_02_02_08:03:51.fil.hdf5,0.99993825
0.499996_DM_54.34_beam_12C2020_04_13_00:48:20.fil.hdf5,0.9999999
0.499996_DM_56.49_beam_10C2020_02_16_02:00:03.fil.hdf5,1.0
0.499996_DM_603.66_beam_0C2020_02_02_12:06:34.fil.hdf5,1.0
0.499996_DM_608.04_beam_370C2020_04_27_17:55:48.fil.hdf5,0.99994636
0.499996_DM_711.90_beam_292C2020_04_13_07:12:42.fil.hdf5,0.9999994
0.499996_DM_726.24_beam_5C2020_02_04_03:15:48.fil.hdf5,1.0
0.499996_DM_726.89_beam_335C2020_04_13_00:48:33.fil.hdf5,1.0
0.499996_DM_72.76_beam_557C2020_04_13_00:46:25.fil.hdf5,1.0
0.499996_DM_770.58_beam_30C2019_12_18_08:43:48.fil.hdf5,0.9998995
0.499996_DM_772.99_beam_571C2020_05_30_10:21:14.fil.hdf5,0.9058523
0.499996_DM_79.51_beam_3C2020_04_06_00:23:43.fil.hdf5,1.0
0.499996_DM_81.97_beam_426C2019_12_06_15:47:19.fil.hdf5,0.9999982
0.499996_DM_93.94_beam_9C2020_02_02_11:28:02.fil.hdf5,1.0
0.499996_DM_95.48_beam_9C2020_02_16_01:49:07.fil.hdf5,1.0
0.499996_DM_96.40_beam_9C2020_02_02_03:53:20.fil.hdf5,0.9845355
0.499997_DM_103.46_beam_8C2020_02_02_04:25:38.fil.hdf5,0.83242476
0.499997_DM_105.92_beam_108C2019_12_06_15:47:19.fil.hdf5,0.9939174
0.499997_DM_107.76_beam_692C2020_04_13_07:12:41.fil.hdf5,0.9999757
0.499997_DM_1129.43_beam_364C2020_04_27_17:57:52.fil.hdf5,0.9999999
0.499997_DM_114.51_beam_0C2020_04_14_02:39:43.fil.hdf5,0.99948263
0.499997_DM_137.23_beam_5C2020_02_16_03:37:42.fil.hdf5,0.99999547
0.499997_DM_137.54_beam_190C2020_04_23_23:06:48.fil.hdf5,0.9133021
0.499997_DM_1418.08_beam_608C2020_04_27_17:56:12.fil.hdf5,0.9994092
0.499997_DM_144.60_beam_298C2020_04_13_00:48:33.fil.hdf5,1.0
0.499997_DM_1468.18_beam_2C2020_02_02_03:24:24.fil.hdf5,1.0
0.499997_DM_150.74_beam_470C2020_04_27_02:19:46.fil.hdf5,0.9999993
0.499997_DM_1520.62_beam_248C2020_05_31_19:47:46.fil.hdf5,1.0
0.499997_DM_1530.21_beam_4C2020_02_14_05:16:21.fil.hdf5,1.0
0.499997_DM_1530.21_beam_505C2020_01_20_10:28:06.fil.hdf5,1.0
0.499997_DM_1530.21_beam_562C2020_01_12_23:54:10.fil.hdf5,1.0
0.499997_DM_153.50_beam_0C2020_04_13_04:58:04.fil.hdf5,1.0
0.499997_DM_170.69_beam_361C2019_12_18_08:47:19.fil.hdf5,0.99997926
0.499997_DM_182.36_beam_526C2019_12_06_15:26:26.fil.hdf5,0.99997807
0.499997_DM_189.73_beam_518C2019_12_06_15:26:26.fil.hdf5,0.999992
0.499997_DM_196.79_beam_0I2020_01_12_23:55:13.fil.hdf5,0.99910504
0.499997_DM_205.38_beam_0I2020_04_13_01:07:39.fil.hdf5,1.0
0.499997_DM_21.80_beam_0C2020_04_13_02:44:48.fil.hdf5,0.9999716
0.499997_DM_239.15_beam_426C2020_04_13_01:35:16.fil.hdf5,1.0
0.499997_DM_24.25_beam_0C2020_03_15_23:58:26.fil.hdf5,1.0
0.499997_DM_246.21_beam_1C2020_02_02_06:32:15.fil.hdf5,0.9999993
0.499997_DM_248.06_beam_6C2020_02_03_22:13:21.fil.hdf5,0.99999535
0.499997_DM_2496.09_beam_195C2020_04_04_01:31:34.fil.hdf5,1.0
0.499997_DM_2518.70_beam_386C2020_04_04_01:31:20.fil.hdf5,1.0
0.499997_DM_2566.42_beam_600C2020_04_23_23:09:36.fil.hdf5,1.0
0.499997_DM_26.71_beam_579C2020_05_24_23:23:59.fil.hdf5,0.99865556
0.499997_DM_267.40_beam_570C2019_12_06_15:26:26.fil.hdf5,0.99999917
0.499997_DM_27.63_beam_8C2020_03_23_03:06:00.fil.hdf5,1.0
0.499997_DM_29.16_beam_4C2020_04_14_03:23:17.fil.hdf5,0.9999995
0.499997_DM_29.47_beam_182C2020_04_23_23:04:56.fil.hdf5,0.99987507
0.499997_DM_29.47_beam_610C2020_04_23_23:10:13.fil.hdf5,1.0
0.499997_DM_3033.66_beam_390C2020_04_04_01:31:19.fil.hdf5,1.0
0.499997_DM_31.01_beam_329C2019_12_06_15:45:15.fil.hdf5,1.0
0.499997_DM_31.01_beam_331C2019_12_06_15:45:15.fil.hdf5,1.0
0.499997_DM_31.62_beam_657C2019_12_06_15:48:28.fil.hdf5,0.99999964
0.499997_DM_3241.75_beam_366C2020_05_31_18:20:33.fil.hdf5,1.0
0.499997_DM_32.54_beam_659C2019_12_06_15:49:14.fil.hdf5,0.99996185
0.499997_DM_32.85_beam_1C2020_04_27_02:17:58.fil.hdf5,0.9987716
0.499997_DM_329.41_beam_632C2020_04_13_01:55:43.fil.hdf5,1.0
0.499997_DM_34.08_beam_760C2020_04_22_15:26:31.fil.hdf5,1.0
0.499997_DM_348.44_beam_4C2020_02_21_22:08:09.fil.hdf5,0.99997795
0.499997_DM_35.61_beam_174C2019_12_06_15:44:12.fil.hdf5,1.0
0.499997_DM_36.53_beam_109C2019_12_06_15:27:18.fil.hdf5,1.0
0.499997_DM_365.94_beam_0C2020_04_13_09:50:36.fil.hdf5,0.99999976
0.499997_DM_366.87_beam_6C2020_02_14_05:08:46.fil.hdf5,0.9999993
0.499997_DM_37.76_beam_430C2019_12_06_15:47:23.fil.hdf5,1.0
0.499997_DM_379.45_beam_634C2020_04_13_01:55:42.fil.hdf5,1.0
0.499997_DM_380.07_beam_1C2020_02_02_05:55:19.fil.hdf5,1.0
0.499997_DM_380.37_beam_63C2020_04_13_07:12:40.fil.hdf5,0.9999999
0.499997_DM_38.07_beam_111C2019_12_06_15:45:45.fil.hdf5,0.9999577
0.499997_DM_381.33_beam_545C2020_04_13_00:46:29.fil.hdf5,1.0
0.499997_DM_385.90_beam_63C2020_04_13_00:46:05.fil.hdf5,1.0
0.499997_DM_38.68_beam_654C2020_04_23_23:03:55.fil.hdf5,0.99999607
0.499997_DM_392.23_beam_180C2020_04_27_17:58:58.fil.hdf5,0.9780668
0.499997_DM_39.30_beam_517C2020_04_23_23:03:55.fil.hdf5,0.99988174
0.499997_DM_39.60_beam_139C2020_04_23_23:03:55.fil.hdf5,1.0
0.499997_DM_41.75_beam_602C2020_04_23_23:08:32.fil.hdf5,0.9999987
0.499997_DM_422.41_beam_330C2019_12_06_15:47:18.fil.hdf5,0.999509
0.499997_DM_423.71_beam_227C2020_04_13_01:05:30.fil.hdf5,1.0
0.499997_DM_443.92_beam_216C2020_04_13_07:12:41.fil.hdf5,0.9999999
0.499997_DM_4466.68_beam_179C2020_04_13_07:09:19.fil.hdf5,0.9999999
0.499997_DM_45.44_beam_181C2020_04_23_23:06:49.fil.hdf5,0.99999654
0.499997_DM_477.64_beam_97C2020_05_31_18:22:22.fil.hdf5,1.0
0.499997_DM_47.89_beam_62C2020_04_23_23:00:49_1.fil.hdf5,1.0
0.499997_DM_49.12_beam_201C2020_04_13_00:48:20.fil.hdf5,1.0
0.499997_DM_50.66_beam_497C2020_04_23_23:01:00.fil.hdf5,1.0
0.499997_DM_51.27_beam_1C2020_02_02_05:56:50.fil.hdf5,1.0
0.499997_DM_51.27_beam_3C2020_02_02_04:24:52.fil.hdf5,0.9999988
0.499997_DM_51.27_beam_6C2020_02_21_20:17:58.fil.hdf5,1.0
0.499997_DM_51.58_beam_2C2020_02_03_23:07:02.fil.hdf5,1.0
0.499997_DM_51.58_beam_5C2020_02_21_20:28:58.fil.hdf5,1.0
0.499997_DM_51.58_beam_9C2020_02_02_12:00:24.fil.hdf5,0.9999572
0.499997_DM_51.88_beam_0C2020_02_03_22:34:13.fil.hdf5,1.0
0.499997_DM_51.88_beam_1C2020_02_02_04:24:51.fil.hdf5,0.99999905
0.499997_DM_52.50_beam_0C2020_02_16_01:45:37.fil.hdf5,0.99999833
0.499997_DM_52.50_beam_0C2020_02_21_20:33:34.fil.hdf5,0.99999845
0.499997_DM_52.50_beam_2C2020_02_02_10:37:54.fil.hdf5,0.9973471
0.499997_DM_52.50_beam_8C2020_02_02_04:24:51.fil.hdf5,0.99977404
0.499997_DM_52.80_beam_113C2020_01_20_10:47:54.fil.hdf5,0.9999938
0.499997_DM_52.80_beam_1C2020_02_03_01:44:16.fil.hdf5,0.9999999
0.499997_DM_52.80_beam_1C2020_02_04_02:37:58.fil.hdf5,1.0
0.499997_DM_52.80_beam_22C2020_04_27_02:19:47.fil.hdf5,0.9999404
0.499997_DM_55.26_beam_8C2020_02_02_05:44:36.fil.hdf5,0.99994457
0.499997_DM_55.26_beam_8C2020_02_16_06:38:36.fil.hdf5,0.9999999
0.499997_DM_55.26_beam_9C2020_02_03_01:43:11.fil.hdf5,1.0
0.499997_DM_55.87_beam_1C2020_02_02_03:57:31.fil.hdf5,0.9999999
0.499997_DM_56.18_beam_7C2020_02_16_06:38:45.fil.hdf5,0.99999976
0.499997_DM_562.59_beam_149C2020_04_13_00:46:09.fil.hdf5,1.0
0.499997_DM_56.49_beam_10C2020_02_02_05:57:14.fil.hdf5,0.99998486
0.499997_DM_58.02_beam_0C2020_02_02_08:19:11.fil.hdf5,0.9993291
0.499997_DM_58.02_beam_581C2020_04_13_03:30:38.fil.hdf5,1.0
0.499997_DM_584.76_beam_77C2020_01_12_23:23:42.fil.hdf5,1.0
0.499997_DM_58.64_beam_10C2019_12_06_15:27:20_1.fil.hdf5,0.9999877
0.499997_DM_58.64_beam_1C2020_04_07_01:49:38.fil.hdf5,1.0
0.499997_DM_58.94_beam_360C2020_04_27_02:17:20.fil.hdf5,1.0
0.499997_DM_591.28_beam_0C2020_02_02_03:57:29.fil.hdf5,0.99999726
0.499997_DM_59.56_beam_6C2020_02_16_01:48:50.fil.hdf5,0.9999999
0.499997_DM_59.87_beam_11C2020_02_02_04:31:02.fil.hdf5,0.99823844
0.499997_DM_59.87_beam_1C2020_02_04_02:36:59.fil.hdf5,1.0
0.499997_DM_59.87_beam_8C2020_02_03_01:06:31.fil.hdf5,1.0
0.499997_DM_616.70_beam_153C2020_04_13_00:46:05.fil.hdf5,1.0
0.499997_DM_61.71_beam_7C2020_02_16_00:47:07.fil.hdf5,1.0
0.499997_DM_651.91_beam_506C2020_04_13_00:46:27.fil.hdf5,1.0
0.499997_DM_675.85_beam_476C2020_04_27_17:56:12.fil.hdf5,0.9693936
0.499997_DM_679.11_beam_101C2020_05_31_18:21:48.fil.hdf5,0.9999931
0.499997_DM_69.08_beam_11C2020_02_21_21:38:09.fil.hdf5,1.0
0.499997_DM_70.00_beam_8C2020_02_02_03:11:29.fil.hdf5,0.99999964
0.499997_DM_711.24_beam_495C2020_04_13_00:48:33.fil.hdf5,1.0
0.499997_DM_720.37_beam_9C2020_02_02_04:36:03.fil.hdf5,0.9999993
0.499997_DM_734.06_beam_537C2020_04_13_00:53:58.fil.hdf5,1.0
0.499997_DM_764.06_beam_627C2020_04_13_00:48:33.fil.hdf5,1.0
0.499997_DM_76.75_beam_14C2020_04_27_02:17:58.fil.hdf5,0.9997702
0.499997_DM_771.23_beam_10C2020_02_14_05:16:13.fil.hdf5,1.0
0.499997_DM_771.88_beam_5C2020_04_27_02:16:57.fil.hdf5,1.0
0.499997_DM_774.30_beam_104C2020_05_31_18:20:10.fil.hdf5,0.99999964
0.499997_DM_775.68_beam_20C2020_04_27_02:16:57.fil.hdf5,0.9998934
0.499997_DM_78.59_beam_11C2020_02_04_01:44:41.fil.hdf5,0.9996153
0.499997_DM_83.50_beam_2C2020_02_16_01:49:07.fil.hdf5,0.999982
0.499997_DM_87.19_beam_605C2020_04_23_23:05:06.fil.hdf5,0.99993944
0.499997_DM_94.25_beam_0I2020_01_12_23:53:21.fil.hdf5,0.9999559
0.499997_DM_94.25_beam_6C2020_02_02_05:57:19.fil.hdf5,0.9999999
0.499997_DM_961.05_beam_195C2020_05_31_18:20:56.fil.hdf5,1.0
0.499998_DM_100.39_beam_0C2020_02_16_01:57:17.fil.hdf5,1.0
0.499998_DM_1147.88_beam_8C2020_02_21_20:36:04.fil.hdf5,0.9999994
0.499998_DM_1154.21_beam_224C2020_04_13_07:12:38.fil.hdf5,1.0
0.499998_DM_122.19_beam_6C2020_02_04_01:59:55.fil.hdf5,0.99999976
0.499998_DM_125.56_beam_141C2020_04_23_23:09:25.fil.hdf5,0.8273619
0.499998_DM_125.87_beam_7C2020_02_04_01:59:55.fil.hdf5,1.0
0.499998_DM_126.79_beam_164C2019_12_06_15:48:36.fil.hdf5,0.9999999
0.499998_DM_127.71_beam_107C2020_04_13_05:09:59.fil.hdf5,1.0
0.499998_DM_1474.51_beam_657C2020_01_20_09:37:01.fil.hdf5,0.9999999
0.499998_DM_1525.15_beam_2C2020_02_02_04:42:01.fil.hdf5,1.0
0.499998_DM_230.25_beam_0I2020_01_12_23:49:08.fil.hdf5,0.9999869
0.499998_DM_23.95_beam_7C2020_03_23_03:05:40.fil.hdf5,1.0
0.499998_DM_244.37_beam_0I2020_01_12_23:26:26.fil.hdf5,0.99993026
0.499998_DM_26.09_beam_608C2020_04_23_23:09:00.fil.hdf5,0.9996655
0.499998_DM_29.78_beam_312C2020_04_13_02:12:25.fil.hdf5,1.0
0.499998_DM_30.09_beam_750C2020_04_23_23:04:40.fil.hdf5,0.9997218
0.499998_DM_3036.17_beam_142C2020_04_13_00:54:25.fil.hdf5,1.0
0.499998_DM_31.01_beam_649C2019_12_06_15:47:23.fil.hdf5,1.0
0.499998_DM_31.93_beam_162C2019_12_06_15:44:12.fil.hdf5,0.9999999
0.499998_DM_31.93_beam_326C2019_12_06_15:48:28.fil.hdf5,0.9999869
0.499998_DM_339.85_beam_0I2020_01_12_23:47:29.fil.hdf5,0.99976677
0.499998_DM_35.00_beam_519C2020_04_23_23:10:28.fil.hdf5,1.0
0.499998_DM_370.86_beam_253C2020_04_22_15:27:03.fil.hdf5,1.0
0.499998_DM_377.92_beam_10C2020_02_03_22:14:10.fil.hdf5,0.9960537
0.499998_DM_381.98_beam_197C2020_04_13_00:46:09.fil.hdf5,1.0
0.499998_DM_42.06_beam_4C2020_04_07_01:38:06.fil.hdf5,1.0
0.499998_DM_4282.68_beam_698C2020_01_20_10:33:28.fil.hdf5,0.99999595
0.499998_DM_434.14_beam_458C2020_04_13_01:21:23.fil.hdf5,1.0
0.499998_DM_476.52_beam_1C2020_02_02_03:53:42_1.fil.hdf5,1.0
0.499998_DM_51.27_beam_0C2020_02_02_03:25:49.fil.hdf5,0.9999902
0.499998_DM_5141.75_beam_365C2020_05_31_18:22:38.fil.hdf5,1.0
0.499998_DM_51.58_beam_25C2020_01_20_10:47:54.fil.hdf5,0.9999995
0.499998_DM_51.58_beam_4C2020_02_21_20:29:09.fil.hdf5,1.0
0.499998_DM_52.50_beam_3C2020_02_04_01:46:48.fil.hdf5,0.9999999
0.499998_DM_52.80_beam_10C2020_02_02_05:54:53.fil.hdf5,0.99999976
0.499998_DM_52.80_beam_11C2020_03_18_04:14:02.fil.hdf5,1.0
0.499998_DM_54.65_beam_7C2020_02_04_02:46:19.fil.hdf5,1.0
0.499998_DM_60.79_beam_4C2020_02_16_00:30:05.fil.hdf5,0.9593526
0.499998_DM_61.40_beam_68C2020_04_23_23:00:44.fil.hdf5,1.0
0.499998_DM_62.63_beam_2C2020_02_02_03:05:52.fil.hdf5,0.9999871
0.499998_DM_64.47_beam_649C2019_12_06_15:45:19.fil.hdf5,0.99980456
0.499998_DM_656.48_beam_11C2020_02_04_02:35:47.fil.hdf5,1.0
0.499998_DM_66.31_beam_348C2020_04_23_22:58:40.fil.hdf5,0.99999905
0.499998_DM_669.33_beam_170C2020_04_27_17:57:32.fil.hdf5,0.9999888
0.499998_DM_768.62_beam_33C2020_01_12_23:15:02.fil.hdf5,1.0
0.499998_DM_774.30_beam_361C2020_05_31_18:19:26.fil.hdf5,1.0
0.499998_DM_803.53_beam_2C2019_12_18_08:42:51.fil.hdf5,0.99968255
0.499998_DM_851.64_beam_4C2020_02_16_03:50:58.fil.hdf5,1.0
0.499999_DM_1026.35_beam_7C2020_02_16_03:47:12.fil.hdf5,0.99999976
0.499999_DM_1037.74_beam_4C2020_02_14_04:15:19.fil.hdf5,0.9999989
0.499999_DM_113.28_beam_263C2020_04_13_00:48:33.fil.hdf5,1.0
0.499999_DM_116.35_beam_596C2020_04_13_01:35:16.fil.hdf5,1.0
0.499999_DM_117.27_beam_458C2020_04_12_03:35:08.fil.hdf5,0.99999106
0.499999_DM_128.63_beam_0C2020_04_19_17:49:59.fil.hdf5,1.0
0.499999_DM_1323.13_beam_0C2020_05_30_10:19:01.fil.hdf5,0.85397846
0.499999_DM_1365.63_beam_0C2020_04_13_09:43:16.fil.hdf5,0.9996917
0.499999_DM_1420.07_beam_619C2020_01_20_09:37:01.fil.hdf5,1.0
0.499999_DM_1431.47_beam_4C2020_02_21_20:36:03.fil.hdf5,1.0
0.499999_DM_1522.62_beam_275C2020_01_02_15:33:12.fil.hdf5,1.0
0.499999_DM_1529.49_beam_246C2020_05_31_19:47:46.fil.hdf5,1.0
0.499999_DM_1530.21_beam_5C2020_02_04_01:32:04.fil.hdf5,1.0
0.499999_DM_154.42_beam_0I2020_01_12_23:50:12.fil.hdf5,0.9999951
0.499999_DM_167.93_beam_0I2020_01_12_23:51:21.fil.hdf5,0.9999503
0.499999_DM_1817.85_beam_0C2020_02_02_09:38:57.fil.hdf5,0.99992645
0.499999_DM_210.29_beam_236C2020_04_13_01:35:16.fil.hdf5,1.0
0.499999_DM_210.29_beam_6C2020_02_02_06:32:15.fil.hdf5,1.0
0.499999_DM_220.43_beam_328C2019_12_06_15:45:19.fil.hdf5,0.9999958
0.499999_DM_225.34_beam_430C2019_12_06_15:47:32.fil.hdf5,0.99999964
0.499999_DM_23.02_beam_0C2020_03_30_02:43:19.fil.hdf5,1.0
0.499999_DM_238.85_beam_10C2020_02_14_04:15:16.fil.hdf5,0.9996586
0.499999_DM_2523.72_beam_502C2020_04_13_01:28:45.fil.hdf5,1.0
0.499999_DM_25.48_beam_64C2020_04_23_23:00:33.fil.hdf5,1.0
0.499999_DM_25.79_beam_0C2020_03_15_15:18:10.fil.hdf5,0.99947125
0.499999_DM_25.79_beam_654C2020_04_23_23:06:49.fil.hdf5,0.9999957
0.499999_DM_26.09_beam_46C2020_04_22_16:43:36.fil.hdf5,1.0
0.499999_DM_2639.27_beam_403C2020_04_23_23:09:36.fil.hdf5,1.0
0.499999_DM_264.94_beam_6C2020_02_21_20:25:54.fil.hdf5,0.9999434
0.499999_DM_276.91_beam_430C2020_01_12_22:27:34.fil.hdf5,0.99582195
0.499999_DM_27.94_beam_19C2020_04_27_02:23:52.fil.hdf5,1.0
0.499999_DM_280.60_beam_0C2020_02_16_04:58:57.fil.hdf5,1.0
0.499999_DM_28.24_beam_751C2020_04_23_23:10:13.fil.hdf5,1.0
0.499999_DM_285.20_beam_0C2020_04_13_09:56:03.fil.hdf5,1.0
0.499999_DM_28.55_beam_403C2020_04_23_23:04:40.fil.hdf5,0.98777825
0.499999_DM_28.55_beam_749C2020_04_23_23:09:00.fil.hdf5,0.9999993
0.499999_DM_288.27_beam_0C2020_02_04_03:03:47.fil.hdf5,1.0
0.499999_DM_29.47_beam_590C2020_04_13_01:35:59.fil.hdf5,1.0
0.499999_DM_2953.27_beam_186C2019_12_18_08:42:54_1.fil.hdf5,0.9999993
0.499999_DM_3001.00_beam_52C2020_04_12_05:16:10.fil.hdf5,1.0
0.499999_DM_30.09_beam_751C2020_04_23_23:09:00.fil.hdf5,0.9992749
0.499999_DM_30.70_beam_433C2020_04_12_06:30:55.fil.hdf5,0.9995628
0.499999_DM_31.01_beam_177C2019_12_06_15:43:56.fil.hdf5,1.0
0.499999_DM_31.01_beam_5C2020_04_14_03:26:31.fil.hdf5,1.0
0.499999_DM_310.99_beam_423C2020_04_13_01:35:38.fil.hdf5,1.0
0.499999_DM_31.31_beam_328C2019_12_06_15:45:15.fil.hdf5,1.0
0.499999_DM_313.45_beam_0I2020_01_12_23:25:28.fil.hdf5,1.0
0.499999_DM_31.62_beam_311C2020_04_13_00:46:22.fil.hdf5,1.0
0.499999_DM_31.93_beam_176C2019_12_06_15:45:45.fil.hdf5,1.0
0.499999_DM_31.93_beam_656C2019_12_06_15:45:15.fil.hdf5,1.0
0.499999_DM_322.96_beam_0I2020_01_12_23:57:51.fil.hdf5,0.9999951
0.499999_DM_327.57_beam_0I2020_01_12_23:52:35.fil.hdf5,0.99995065
0.499999_DM_32.85_beam_754C2020_04_23_23:10:13.fil.hdf5,1.0
0.499999_DM_32.85_beam_8C2020_04_07_04:53:02.fil.hdf5,1.0
0.499999_DM_33.46_beam_108C2019_12_06_15:48:17.fil.hdf5,0.9999994
0.499999_DM_34.08_beam_655C2019_12_06_15:48:17.fil.hdf5,0.99999785
0.499999_DM_34.69_beam_172C2019_12_06_15:49:14.fil.hdf5,0.99999833
0.499999_DM_348.75_beam_9C2020_02_04_03:14:07.fil.hdf5,1.0
0.499999_DM_357.96_beam_457C2020_04_13_01:55:43.fil.hdf5,1.0
0.499999_DM_360.11_beam_0I2020_01_13_00:00:46.fil.hdf5,0.99998164
0.499999_DM_36.23_beam_398C2020_04_23_23:04:40.fil.hdf5,1.0
0.499999_DM_36.23_beam_745C2020_04_23_23:04:40.fil.hdf5,0.99999833
0.499999_DM_37.15_beam_659C2020_04_23_23:03:55.fil.hdf5,0.99999607
0.499999_DM_373.00_beam_132C2020_04_13_00:54:35.fil.hdf5,1.0
0.499999_DM_37.45_beam_658C2019_12_06_15:48:17.fil.hdf5,0.9999999
0.499999_DM_376.38_beam_9C2020_02_21_21:37:45.fil.hdf5,0.99999976
0.499999_DM_38.07_beam_169C2019_12_06_15:45:45.fil.hdf5,0.9985097
0.499999_DM_381.33_beam_2C2020_04_06_00:19:33.fil.hdf5,1.0
0.499999_DM_383.29_beam_269C2020_04_13_00:46:39.fil.hdf5,1.0
0.499999_DM_39.60_beam_606C2020_04_23_23:03:55.fil.hdf5,0.9747006
0.499999_DM_39.91_beam_651C2020_04_23_23:03:55.fil.hdf5,1.0
0.499999_DM_40.22_beam_527C2020_04_23_23:08:12.fil.hdf5,1.0
0.499999_DM_409.37_beam_10C2020_03_31_00:24:24.fil.hdf5,0.99870217
0.499999_DM_417.19_beam_7C2020_04_07_04:54:31.fil.hdf5,1.0
0.499999_DM_419.80_beam_188C2020_04_13_00:46:29.fil.hdf5,1.0
0.499999_DM_426.97_beam_8C2020_02_16_01:49:55.fil.hdf5,1.0
0.499999_DM_433.49_beam_223C2020_04_13_07:12:41.fil.hdf5,1.0
0.499999_DM_437.40_beam_225C2020_04_13_07:12:41.fil.hdf5,0.9999999
0.499999_DM_45.13_beam_522C2020_04_23_23:03:55.fil.hdf5,0.99979526
0.499999_DM_4697.75_beam_154C2020_05_31_18:19:43.fil.hdf5,1.0
0.499999_DM_49.12_beam_175C2019_12_06_15:45:45.fil.hdf5,0.9999925
0.499999_DM_5086.68_beam_10C2020_03_18_03:22:14.fil.hdf5,0.9999999
0.499999_DM_51.27_beam_2C2020_02_02_03:55:24.fil.hdf5,0.99996555
0.499999_DM_51.58_beam_4C2020_02_04_00:28:02.fil.hdf5,0.9999682
0.499999_DM_51.58_beam_6C2020_02_02_05:54:08.fil.hdf5,0.9999968
0.499999_DM_51.58_beam_6C2020_02_02_12:00:14.fil.hdf5,1.0
0.499999_DM_51.58_beam_8C2020_02_21_22:09:05.fil.hdf5,0.99998605
0.499999_DM_52.19_beam_10C2020_02_21_20:25:59.fil.hdf5,1.0
0.499999_DM_52.50_beam_5C2020_02_21_20:34:55.fil.hdf5,0.99997175
0.499999_DM_54.03_beam_10C2020_02_02_05:48:55.fil.hdf5,0.9999994
0.499999_DM_54.03_beam_4C2020_02_21_20:25:59.fil.hdf5,1.0
0.499999_DM_54.34_beam_1C2020_02_21_20:27:07.fil.hdf5,0.9999963
0.499999_DM_54.34_beam_8C2020_02_02_08:04:42.fil.hdf5,0.999201
0.499999_DM_54.34_beam_9C2020_02_16_01:50:44.fil.hdf5,0.9999981
0.499999_DM_54.95_beam_2C2020_02_16_01:59:02.fil.hdf5,1.0
0.499999_DM_54.95_beam_6C2020_02_16_01:11:09.fil.hdf5,0.9999814
0.499999_DM_55.26_beam_3C2020_02_16_02:00:35.fil.hdf5,1.0
0.499999_DM_55.57_beam_11C2020_02_04_01:47:23.fil.hdf5,0.99998856
0.499999_DM_557.37_beam_0I2020_01_12_23:45:07.fil.hdf5,0.9998944
0.499999_DM_557.37_beam_450C2020_04_13_00:46:39.fil.hdf5,1.0
0.499999_DM_55.87_beam_2C2020_03_18_04:29:12.fil.hdf5,1.0
0.499999_DM_56.18_beam_4C2020_02_02_07:47:43.fil.hdf5,0.9961202
0.499999_DM_57.41_beam_0I2020_01_12_23:50:05.fil.hdf5,0.99999654
0.499999_DM_57.41_beam_5C2020_02_04_01:47:23.fil.hdf5,0.99904925
0.499999_DM_58.94_beam_169C2019_12_06_15:45:19.fil.hdf5,0.9996959
0.499999_DM_58.94_beam_39C2020_04_22_16:43:41.fil.hdf5,0.9999999
0.499999_DM_603.66_beam_11C2020_02_02_05:58:01.fil.hdf5,0.99972194
0.499999_DM_60.79_beam_11C2020_02_02_07:48:57.fil.hdf5,0.9999989
0.499999_DM_62.01_beam_7C2020_02_21_21:36:27.fil.hdf5,1.0
0.499999_DM_621.92_beam_0C2020_02_02_05:47:50.fil.hdf5,1.0
0.499999_DM_63.55_beam_495C2020_04_23_22:58:34.fil.hdf5,1.0
0.499999_DM_65.70_beam_4C2020_02_04_01:43:43.fil.hdf5,1.0
0.499999_DM_66.31_beam_0C2020_04_19_19:42:15.fil.hdf5,1.0
0.499999_DM_66.62_beam_556C2020_04_23_22:58:40.fil.hdf5,1.0
0.499999_DM_67.85_beam_0C2020_02_04_00:18:15.fil.hdf5,1.0
0.499999_DM_68.15_beam_158C2020_04_27_02:17:58.fil.hdf5,0.9991862
0.499999_DM_700.81_beam_428C2020_01_12_22:27:33.fil.hdf5,0.99993813
0.499999_DM_70.30_beam_0I2020_01_12_23:57:35.fil.hdf5,0.9999999
0.499999_DM_73.07_beam_0I2020_01_12_22:48:53.fil.hdf5,1.0
0.499999_DM_73.99_beam_4C2020_02_02_04:24:40.fil.hdf5,1.0
0.499999_DM_742.54_beam_222C2020_04_13_01:55:41.fil.hdf5,0.99999964
0.499999_DM_74.91_beam_8C2020_02_21_20:36:44.fil.hdf5,0.99999857
0.499999_DM_756.69_beam_201C2020_05_24_23:22:13.fil.hdf5,1.0
0.499999_DM_761.45_beam_1C2020_02_02_03:00:30.fil.hdf5,1.0
0.499999_DM_78.59_beam_378C2020_01_12_22:27:35.fil.hdf5,0.99999964
0.499999_DM_788.34_beam_163C2020_04_27_02:16:57.fil.hdf5,0.99986994
0.499999_DM_81.36_beam_425C2020_01_12_22:27:35.fil.hdf5,0.9999993
0.499999_DM_81.36_beam_4C2020_02_02_04:10:00.fil.hdf5,0.9999994
0.499999_DM_86.57_beam_100C2020_05_31_18:20:21.fil.hdf5,1.0
0.499999_DM_87.19_beam_377C2020_01_12_22:27:35.fil.hdf5,1.0
0.499999_DM_89.34_beam_97C2020_04_13_00:48:09.fil.hdf5,0.9999926
0.499999_DM_94.56_beam_330C2019_12_06_15:47:32.fil.hdf5,0.9999994
0.500001_DM_109.29_beam_0I2020_01_12_23:31:09.fil.hdf5,0.9996933
0.500001_DM_1134.49_beam_361C2020_05_31_18:22:52.fil.hdf5,0.99953663
0.500001_DM_1465.65_beam_198C2020_01_02_15:33:12.fil.hdf5,1.0
0.500001_DM_1485.90_beam_11C2020_02_03_22:14:49.fil.hdf5,1.0
0.500001_DM_149.82_beam_370C2020_04_13_00:48:33.fil.hdf5,1.0
0.500001_DM_1513.76_beam_4C2020_02_14_04:25:20.fil.hdf5,0.9999949
0.500001_DM_152.58_beam_1C2020_04_27_02:19:46.fil.hdf5,0.99999976
0.500001_DM_166.70_beam_113C2019_12_06_15:47:32.fil.hdf5,0.9999858
0.500001_DM_195.56_beam_519C2019_12_06_15:26:26.fil.hdf5,1.0
0.500001_DM_220.12_beam_0I2020_01_12_23:49:45.fil.hdf5,0.94090885
0.500001_DM_24.56_beam_0C2020_03_30_03:10:18.fil.hdf5,1.0
0.500001_DM_252.05_beam_5C2020_02_02_06:33:04.fil.hdf5,0.9999956
0.500001_DM_25.48_beam_607C2020_04_23_23:08:34.fil.hdf5,0.9968765
0.500001_DM_27.94_beam_0C2020_03_15_15:24:02.fil.hdf5,1.0
0.500001_DM_284.28_beam_12C2020_04_27_02:19:46.fil.hdf5,0.99998856
0.500001_DM_3036.73_beam_67C2020_05_25_02:11:28.fil.hdf5,0.9948331
0.500001_DM_305.16_beam_218C2019_12_18_08:44:09.fil.hdf5,0.99999607
0.500001_DM_31.01_beam_170C2019_12_06_15:48:46.fil.hdf5,1.0
0.500001_DM_33.77_beam_166C2019_12_06_15:45:45.fil.hdf5,0.9999672
0.500001_DM_33.77_beam_424C2019_12_06_15:48:17.fil.hdf5,1.0
0.500001_DM_342.61_beam_449C2020_04_13_01:55:43.fil.hdf5,1.0
0.500001_DM_34.38_beam_111C2019_12_06_15:48:17.fil.hdf5,1.0
0.500001_DM_34.38_beam_172C2019_12_06_15:48:17.fil.hdf5,1.0
0.500001_DM_355.51_beam_0I2020_01_12_23:45:45.fil.hdf5,0.9999988
0.500001_DM_36.53_beam_175C2019_12_06_15:44:44.fil.hdf5,0.99998236
0.500001_DM_368.09_beam_0I2020_01_12_23:46:47.fil.hdf5,0.9999968
0.500001_DM_371.47_beam_5C2020_03_31_00:11:16.fil.hdf5,1.0
0.500001_DM_385.24_beam_2C2020_02_02_03:53:42_1.fil.hdf5,0.99471974
0.500001_DM_40.22_beam_67C2020_04_23_23:00:33.fil.hdf5,1.0
0.500001_DM_402.85_beam_681C2020_04_13_00:46:39.fil.hdf5,1.0
0.500001_DM_410.02_beam_122C2020_04_13_00:46:09.fil.hdf5,1.0
0.500001_DM_41.45_beam_611C2020_04_23_23:03:55.fil.hdf5,0.9999945
0.500001_DM_42.67_beam_9C2020_04_07_01:38:03_1.fil.hdf5,1.0
0.500001_DM_438.06_beam_467C2020_04_13_01:21:23.fil.hdf5,0.99999905
0.500001_DM_500.00_beam_27C2020_04_13_00:46:05.fil.hdf5,1.0
0.500001_DM_52.50_beam_5C2020_02_16_00:57:30.fil.hdf5,1.0
0.500001_DM_54.95_beam_11C2020_02_04_01:24:09.fil.hdf5,0.9997522
0.500001_DM_56.18_beam_3C2020_04_07_01:38:03_1.fil.hdf5,0.9999999
0.500001_DM_56.80_beam_11C2020_02_02_05:57:14.fil.hdf5,0.99999845
0.500001_DM_573.67_beam_513C2020_04_13_00:46:39.fil.hdf5,1.0
0.500001_DM_61.09_beam_3C2020_02_04_02:36:31.fil.hdf5,0.9999994
0.500001_DM_61.40_beam_1C2020_02_02_05:58:31.fil.hdf5,0.9999821
0.500001_DM_62.01_beam_177C2019_12_06_15:45:19.fil.hdf5,0.9998714
0.500001_DM_621.27_beam_1C2020_02_02_05:47:50.fil.hdf5,1.0
0.500001_DM_67.85_beam_10C2020_02_16_01:01:07.fil.hdf5,1.0
0.500001_DM_67.85_beam_11C2020_04_08_23:58:00.fil.hdf5,1.0
0.500001_DM_69.38_beam_8C2020_02_27_00:40:40.fil.hdf5,1.0
0.500001_DM_696.90_beam_91C2020_04_13_00:48:33.fil.hdf5,1.0
0.500001_DM_706.68_beam_701C2020_04_13_00:48:33.fil.hdf5,1.0
0.500001_DM_72.45_beam_750C2020_04_23_23:08:22.fil.hdf5,1.0
0.500001_DM_72.76_beam_188C2020_04_23_23:04:56.fil.hdf5,1.0
0.500001_DM_74.91_beam_10C2020_04_27_02:17:58.fil.hdf5,0.9999192
0.500001_DM_76.14_beam_0C2020_02_02_08:43:57.fil.hdf5,0.99997306
0.500001_DM_770.58_beam_0I2020_01_12_23:25:44.fil.hdf5,0.99999225
0.500001_DM_774.41_beam_558C2020_04_27_02:16:57.fil.hdf5,1.0
0.500001_DM_82.89_beam_140C2020_04_23_23:08:15.fil.hdf5,1.0
0.500002_DM_1040.27_beam_391C2020_04_27_02:16:56.fil.hdf5,1.0
0.500002_DM_1068.66_beam_100C2020_05_31_18:20:54.fil.hdf5,1.0
0.500002_DM_109.91_beam_185C2020_04_23_23:09:25.fil.hdf5,1.0
0.500002_DM_111.44_beam_8C2020_02_21_21:36:53_1.fil.hdf5,0.9999993
0.500002_DM_123.72_beam_1C2020_02_27_03:56:22.fil.hdf5,1.0
0.500002_DM_127.71_beam_426C2019_12_06_15:44:12.fil.hdf5,0.9991937
0.500002_DM_133.24_beam_753C2020_04_23_23:09:25.fil.hdf5,0.95016426
0.500002_DM_1488.44_beam_425C2020_01_02_15:33:12.fil.hdf5,0.99998987
0.500002_DM_1507.43_beam_499C2020_01_02_15:33:14.fil.hdf5,1.0
0.500002_DM_151.35_beam_422C2019_12_06_15:47:32.fil.hdf5,0.9999989
0.500002_DM_1518.82_beam_0C2020_02_04_03:06:12.fil.hdf5,1.0
0.500002_DM_1530.21_beam_0C2020_04_13_04:13:04.fil.hdf5,1.0
0.500002_DM_169.46_beam_9C2020_02_03_22:13:21.fil.hdf5,0.9999951
0.500002_DM_175.30_beam_10C2020_03_31_01:20:29.fil.hdf5,1.0
0.500002_DM_192.18_beam_449C2019_12_18_08:48:22.fil.hdf5,0.9999988
0.500002_DM_2026.34_beam_0I2020_03_23_02:49:25.fil.hdf5,1.0
0.500002_DM_207.84_beam_512C2020_04_13_00:46:22.fil.hdf5,1.0
0.500002_DM_21.18_beam_0C2020_04_19_19:17:57.fil.hdf5,1.0
0.500002_DM_2149.43_beam_6C2020_02_27_00:26:16.fil.hdf5,1.0
0.500002_DM_21.49_beam_1C2020_03_23_03:06:22.fil.hdf5,0.99999905
0.500002_DM_22.41_beam_0I2020_03_23_02:45:32.fil.hdf5,0.92580605
0.500002_DM_22.41_beam_0I2020_03_23_02:46:55.fil.hdf5,0.99999857
0.500002_DM_240.38_beam_111C2019_12_06_15:45:19.fil.hdf5,0.940217
0.500002_DM_241.92_beam_4C2020_02_02_05:44:17.fil.hdf5,0.99999964
0.500002_DM_24.87_beam_0C2020_03_15_20:56:20.fil.hdf5,1.0
0.500002_DM_25.48_beam_183C2020_04_23_23:06:19.fil.hdf5,1.0
0.500002_DM_25.48_beam_1C2020_04_13_01:05:48.fil.hdf5,1.0
0.500002_DM_25.48_beam_396C2020_04_23_23:04:56.fil.hdf5,0.9999999
0.500002_DM_25.48_beam_477C2020_04_27_02:23:52.fil.hdf5,1.0
0.500002_DM_25.48_beam_761C2020_04_22_15:26:10.fil.hdf5,1.0
0.500002_DM_257.27_beam_0C2020_04_13_09:45:42.fil.hdf5,1.0
0.500002_DM_25.79_beam_1C2020_04_14_03:26:31.fil.hdf5,1.0
0.500002_DM_25.79_beam_478C2020_04_27_02:23:52.fil.hdf5,1.0
0.500002_DM_26.09_beam_498C2020_04_13_01:35:59.fil.hdf5,0.9999995
0.500002_DM_26.09_beam_498C2020_04_23_23:00:21.fil.hdf5,1.0
0.500002_DM_26.09_beam_9C2020_04_14_03:25:58.fil.hdf5,1.0
0.500002_DM_26.71_beam_219C2020_04_13_01:54:00.fil.hdf5,1.0
0.500002_DM_27.32_beam_42C2020_04_22_16:43:49.fil.hdf5,0.99933165
0.500002_DM_274.15_beam_30C2019_12_18_08:42:28.fil.hdf5,0.99997985
0.500002_DM_27.63_beam_557C2020_04_13_03:30:35.fil.hdf5,1.0
0.500002_DM_27.94_beam_183C2020_04_23_23:04:40.fil.hdf5,0.9999976
0.500002_DM_28.24_beam_140C2020_04_23_23:10:13.fil.hdf5,1.0
0.500002_DM_28.24_beam_184C2020_04_23_23:10:13.fil.hdf5,1.0
0.500002_DM_2847.77_beam_514C2020_01_20_10:27:48.fil.hdf5,1.0
0.500002_DM_28.55_beam_594C2020_04_22_16:44:59.fil.hdf5,0.99999845
0.500002_DM_28.86_beam_252C2020_04_22_15:32:41.fil.hdf5,1.0
0.500002_DM_3036.17_beam_10C2020_02_02_09:19:35.fil.hdf5,1.0
0.500002_DM_3036.17_beam_5C2020_02_02_09:19:35.fil.hdf5,1.0
0.500002_DM_3036.17_beam_8C2020_02_02_09:19:35.fil.hdf5,1.0
0.500002_DM_3036.17_beam_9C2020_02_02_03:00:21.fil.hdf5,1.0
0.500002_DM_30.39_beam_744C2020_04_23_23:10:13.fil.hdf5,1.0
0.500002_DM_3058.68_beam_11C2020_02_02_11:59:21.fil.hdf5,0.99957055
0.500002_DM_31.01_beam_219C2019_12_06_15:27:18.fil.hdf5,1.0
0.500002_DM_31.01_beam_222C2020_04_22_15:31:52.fil.hdf5,0.9999999
0.500002_DM_31.01_beam_428C2019_12_06_15:45:15.fil.hdf5,1.0
0.500002_DM_31.93_beam_143C2020_04_23_23:10:13.fil.hdf5,1.0
0.500002_DM_31.93_beam_158C2019_12_06_15:45:45.fil.hdf5,1.0
0.500002_DM_32.23_beam_119C2019_12_06_15:44:12.fil.hdf5,1.0
0.500002_DM_32.54_beam_400C2020_04_23_23:03:55.fil.hdf5,1.0
0.500002_DM_331.25_beam_627C2020_04_13_01:55:43.fil.hdf5,1.0
0.500002_DM_33.16_beam_159C2019_12_06_15:48:17.fil.hdf5,1.0
0.500002_DM_33.46_beam_116C2019_12_06_15:44:44.fil.hdf5,1.0
0.500002_DM_335.24_beam_0C2020_02_21_22:08:09.fil.hdf5,0.9999989
0.500002_DM_336.47_beam_0I2020_01_12_23:46:08.fil.hdf5,0.9981092
0.500002_DM_33.77_beam_653C2019_12_06_15:48:17.fil.hdf5,0.99999976
0.500002_DM_341.69_beam_633C2020_04_13_01:55:43.fil.hdf5,1.0
0.500002_DM_35.00_beam_423C2019_12_06_15:48:17.fil.hdf5,1.0
0.500002_DM_352.44_beam_0I2020_01_12_23:35:45.fil.hdf5,0.9999993
0.500002_DM_35.30_beam_603C2020_04_23_23:10:23.fil.hdf5,0.9999753
0.500002_DM_360.11_beam_467C2020_04_13_01:55:43.fil.hdf5,1.0
0.500002_DM_36.23_beam_555C2020_04_23_23:00:49.fil.hdf5,1.0
0.500002_DM_362.87_beam_0I2020_01_12_23:58:40.fil.hdf5,0.9999124
0.500002_DM_36.53_beam_252C2020_04_22_15:26:31.fil.hdf5,1.0
0.500002_DM_367.48_beam_7C2020_02_04_01:31:56.fil.hdf5,1.0
0.500002_DM_372.08_beam_429C2019_12_06_15:44:36.fil.hdf5,0.99999917
0.500002_DM_373.31_beam_658C2020_04_13_01:04:00.fil.hdf5,1.0
0.500002_DM_375.46_beam_62C2020_04_13_07:12:41.fil.hdf5,0.9999999
0.500002_DM_376.69_beam_11C2020_02_04_01:31:56.fil.hdf5,1.0
0.500002_DM_377.30_beam_10C2020_02_04_01:31:56.fil.hdf5,1.0
0.500002_DM_380.37_beam_5C2020_02_03_22:14:10.fil.hdf5,0.9999999
0.500002_DM_38.07_beam_364C2020_04_27_02:18:43.fil.hdf5,0.9999914
0.500002_DM_381.98_beam_4C2020_02_02_03:04:33.fil.hdf5,0.9999993
0.500002_DM_383.94_beam_311C2020_04_13_00:46:29.fil.hdf5,1.0
0.500002_DM_391.11_beam_760C2020_04_13_00:46:05.fil.hdf5,1.0
0.500002_DM_395.02_beam_65C2020_04_13_00:46:05.fil.hdf5,1.0
0.500002_DM_39.60_beam_560C2020_04_13_00:46:20.fil.hdf5,0.9997607
0.500002_DM_408.72_beam_3C2020_02_04_03:05:18.fil.hdf5,1.0
0.500002_DM_409.37_beam_421C2020_04_13_00:46:39.fil.hdf5,1.0
0.500002_DM_41.75_beam_8C2020_04_07_01:37:49.fil.hdf5,0.99999833
0.500002_DM_421.76_beam_8C2020_02_04_02:37:12.fil.hdf5,0.99999726
0.500002_DM_43.90_beam_8C2020_04_07_01:38:06.fil.hdf5,1.0
0.500002_DM_47.59_beam_524C2019_12_06_15:27:21.fil.hdf5,0.99999416
0.500002_DM_476.33_beam_382C2020_05_31_19:52:38.fil.hdf5,1.0
0.500002_DM_490.87_beam_374C2020_01_12_22:27:03.fil.hdf5,1.0
0.500002_DM_49.43_beam_10C2020_04_09_00:03:15.fil.hdf5,1.0
0.500002_DM_49.73_beam_516C2019_12_06_15:27:20.fil.hdf5,0.99993944
0.500002_DM_4998.68_beam_382C2020_04_13_07:09:19.fil.hdf5,0.99999964
0.500002_DM_50.66_beam_520C2019_12_06_15:27:20.fil.hdf5,0.9999845
0.500002_DM_51.27_beam_8C2020_02_02_03:24:49.fil.hdf5,0.99999964
0.500002_DM_51.88_beam_10C2020_02_21_20:14:31.fil.hdf5,0.99999976
0.500002_DM_51.88_beam_3C2020_02_16_01:57:25.fil.hdf5,0.99991596
0.500002_DM_52.19_beam_2C2020_02_21_20:14:11.fil.hdf5,0.9999999
0.500002_DM_52.19_beam_5C2020_02_02_12:00:14.fil.hdf5,1.0
0.500002_DM_524.77_beam_764C2020_04_13_00:46:09.fil.hdf5,1.0
0.500002_DM_53.73_beam_0C2020_02_21_20:17:58.fil.hdf5,0.99999964
0.500002_DM_53.73_beam_108C2020_01_20_10:47:54.fil.hdf5,0.9999999
0.500002_DM_54.03_beam_6C2020_02_16_01:59:02.fil.hdf5,0.9999969
0.500002_DM_54.03_beam_6C2020_02_21_20:35:45.fil.hdf5,0.99999976
0.500002_DM_54.34_beam_4C2020_02_02_03:55:24.fil.hdf5,0.99995875
0.500002_DM_54.65_beam_10C2020_02_02_12:07:42.fil.hdf5,0.99989307
0.500002_DM_54.65_beam_3C2020_02_03_23:10:13.fil.hdf5,1.0
0.500002_DM_552.16_beam_117C2019_12_18_08:43:21.fil.hdf5,0.9999577
0.500002_DM_55.87_beam_5C2020_02_16_03:45:44.fil.hdf5,1.0
0.500002_DM_56.18_beam_1C2020_02_03_22:42:09.fil.hdf5,0.9999999
0.500002_DM_570.41_beam_11C2020_02_02_05:47:50.fil.hdf5,1.0
0.500002_DM_57.10_beam_2C2020_02_02_03:29:14.fil.hdf5,0.9999943
0.500002_DM_57.72_beam_11C2020_02_02_04:30:46.fil.hdf5,0.99999857
0.500002_DM_58.33_beam_11C2020_02_16_01:09:02.fil.hdf5,1.0
0.500002_DM_58.64_beam_1C2020_02_02_09:29:49.fil.hdf5,1.0
0.500002_DM_58.64_beam_6C2020_02_02_04:24:29.fil.hdf5,0.9958313
0.500002_DM_58.94_beam_431C2019_12_06_15:45:19_1.fil.hdf5,0.99998987
0.500002_DM_59.25_beam_2C2020_02_16_01:57:25.fil.hdf5,0.9999999
0.500002_DM_59.56_beam_176C2019_12_06_15:45:19.fil.hdf5,0.9999964
0.500002_DM_62.01_beam_366C2020_04_27_17:58:41.fil.hdf5,0.93813366
0.500002_DM_628.25_beam_98C2020_05_31_18:19:42.fil.hdf5,1.0
0.500002_DM_66.00_beam_492C2020_04_23_23:00:59.fil.hdf5,1.0
0.500002_DM_666.26_beam_192C2020_04_04_01:31:31.fil.hdf5,1.0
0.500002_DM_67.23_beam_8C2020_02_16_03:37:42.fil.hdf5,0.99999917
0.500002_DM_680.60_beam_80C2020_01_12_23:23:42.fil.hdf5,1.0
0.500002_DM_693.64_beam_436C2020_01_20_10:27:37.fil.hdf5,1.0
0.500002_DM_693.64_beam_75C2020_01_12_23:23:42.fil.hdf5,1.0
0.500002_DM_70.00_beam_6C2020_02_21_20:36:44.fil.hdf5,0.9999969
0.500002_DM_70.30_beam_654C2019_12_06_15:48:36.fil.hdf5,1.0
0.500002_DM_722.33_beam_8C2020_02_21_20:14:51.fil.hdf5,0.9998405
0.500002_DM_728.85_beam_714C2020_04_13_00:48:33.fil.hdf5,1.0
0.500002_DM_731.27_beam_468C2020_04_27_17:56:12.fil.hdf5,1.0
0.500002_DM_731.46_beam_528C2020_04_13_00:53:58.fil.hdf5,1.0
0.500002_DM_75.83_beam_7C2020_02_21_22:09:44.fil.hdf5,0.99997187
0.500002_DM_762.10_beam_26C2020_01_12_23:16:10.fil.hdf5,1.0
0.500002_DM_762.10_beam_27C2020_01_12_23:16:10.fil.hdf5,1.0
0.500002_DM_762.10_beam_34C2020_01_12_23:16:10.fil.hdf5,1.0
0.500002_DM_77.06_beam_2C2020_02_02_05:58:44.fil.hdf5,0.9999641
0.500002_DM_771.23_beam_6C2020_02_14_05:16:13.fil.hdf5,0.99999964
0.500002_DM_779.48_beam_14C2020_04_27_02:16:57.fil.hdf5,0.99994206
0.500002_DM_78.59_beam_402C2020_04_23_23:04:56.fil.hdf5,1.0
0.500002_DM_79.51_beam_0I2020_01_12_23:31:20.fil.hdf5,0.999025
0.500002_DM_80.74_beam_0I2020_05_24_23:18:48.fil.hdf5,1.0
0.500002_DM_80.74_beam_10C2020_02_21_20:24:51.fil.hdf5,0.9999951
0.500002_DM_81.66_beam_2C2020_04_27_02:17:58.fil.hdf5,0.5925665
0.500002_DM_82.28_beam_10C2020_02_21_20:28:58.fil.hdf5,1.0
0.500002_DM_82.89_beam_172C2019_12_06_15:48:36.fil.hdf5,0.99463
0.500002_DM_854.17_beam_216C2020_01_12_22:27:32.fil.hdf5,0.99997985
0.500002_DM_91.49_beam_7C2020_02_02_12:08:08.fil.hdf5,0.9999902
0.500002_DM_97.93_beam_0I2020_01_13_00:02:16.fil.hdf5,0.9999999
0.500003_DM_104.07_beam_9C2020_02_16_02:00:03.fil.hdf5,0.9999981
0.500003_DM_108.98_beam_0I2020_01_12_23:54:47.fil.hdf5,0.9999958
0.500003_DM_130.17_beam_3C2020_04_27_17:58:11.fil.hdf5,0.99995327
0.500003_DM_1347.91_beam_7C2020_02_04_02:54:57.fil.hdf5,0.9999999
0.500003_DM_1477.04_beam_271C2020_01_02_15:33:12.fil.hdf5,0.99999976
0.500003_DM_1513.03_beam_74C2020_05_31_19:52:43.fil.hdf5,1.0
0.500003_DM_1527.68_beam_1C2019_12_18_08:44:34.fil.hdf5,0.9787851
0.500003_DM_166.70_beam_140C2020_04_23_23:08:22.fil.hdf5,1.0
0.500003_DM_1694.76_beam_11C2020_02_14_05:09:35.fil.hdf5,1.0
0.500003_DM_178.98_beam_44C2020_04_22_16:43:34.fil.hdf5,1.0
0.500003_DM_183.89_beam_0C2020_04_07_01:25:30.fil.hdf5,0.8474332
0.500003_DM_196.79_beam_156C2019_12_06_15:47:32.fil.hdf5,0.9999999
0.500003_DM_2139.38_beam_0C2020_04_19_17:44:45.fil.hdf5,0.9999999
0.500003_DM_216.74_beam_324C2019_12_06_15:47:32.fil.hdf5,0.9999995
0.500003_DM_22.72_beam_0C2020_03_15_21:27:16.fil.hdf5,1.0
0.500003_DM_245.60_beam_10C2020_02_02_05:43:04.fil.hdf5,0.9999764
0.500003_DM_24.87_beam_0C2020_03_15_12:56:02.fil.hdf5,0.99993885
0.500003_DM_25.48_beam_0C2020_03_15_17:17:06.fil.hdf5,0.9999999
0.500003_DM_2609.13_beam_522C2020_04_23_23:09:36.fil.hdf5,0.9999999
0.500003_DM_26.09_beam_7C2020_04_14_03:26:31.fil.hdf5,1.0
0.500003_DM_26.40_beam_475C2020_04_27_02:19:47.fil.hdf5,0.99862206
0.500003_DM_2857.82_beam_40C2019_12_18_08:43:53.fil.hdf5,0.99958545
0.500003_DM_291.96_beam_1C2020_02_02_04:36:38.fil.hdf5,0.9955031
0.500003_DM_33.16_beam_560C2020_04_23_23:00:55.fil.hdf5,1.0
0.500003_DM_339.54_beam_40C2020_04_13_00:46:33.fil.hdf5,1.0
0.500003_DM_34.38_beam_109C2019_12_06_15:48:17.fil.hdf5,0.9999975
0.500003_DM_34.38_beam_157C2019_12_06_15:48:17.fil.hdf5,0.99995625
0.500003_DM_34.38_beam_177C2019_12_06_15:44:37.fil.hdf5,0.9999732
0.500003_DM_352.13_beam_0I2020_01_12_23:46:59.fil.hdf5,0.9999976
0.500003_DM_380.07_beam_0I2020_01_12_23:52:32.fil.hdf5,0.99351054
0.500003_DM_380.07_beam_0I2020_03_21_05:00:08.fil.hdf5,1.0
0.500003_DM_380.37_beam_558C2020_04_27_02:19:45.fil.hdf5,0.99999905
0.500003_DM_390.46_beam_164C2020_04_13_00:46:33.fil.hdf5,1.0
0.500003_DM_3994.68_beam_34C2019_12_18_08:43:53.fil.hdf5,0.99998176
0.500003_DM_40.22_beam_597C2020_04_22_16:43:36.fil.hdf5,1.0
0.500003_DM_41.45_beam_225C2020_04_23_23:00:27.fil.hdf5,1.0
0.500003_DM_43.90_beam_2C2020_04_27_02:19:47.fil.hdf5,0.99995565
0.500003_DM_441.97_beam_8C2020_02_16_06:53:16.fil.hdf5,0.99993885
0.500003_DM_475.87_beam_662C2020_04_13_00:46:09.fil.hdf5,1.0
0.500003_DM_48.51_beam_172C2019_12_06_15:44:12.fil.hdf5,0.99999833
0.500003_DM_49.12_beam_3C2020_04_07_04:53:18.fil.hdf5,1.0
0.500003_DM_5125.75_beam_365C2020_05_31_18:22:23.fil.hdf5,1.0
0.500003_DM_51.27_beam_1C2020_02_04_00:09:36.fil.hdf5,1.0
0.500003_DM_51.27_beam_4C2020_02_02_05:54:53.fil.hdf5,1.0
0.500003_DM_51.27_beam_8C2020_02_16_01:57:12.fil.hdf5,1.0
0.500003_DM_53.11_beam_579C2020_04_13_03:30:38.fil.hdf5,1.0
0.500003_DM_53.11_beam_5C2020_02_21_22:08:39.fil.hdf5,0.96938354
0.500003_DM_53.42_beam_2C2020_02_02_03:14:53.fil.hdf5,0.9999995
0.500003_DM_54.03_beam_0C2020_03_18_03:47:02.fil.hdf5,0.98138016
0.500003_DM_55.57_beam_11C2020_02_02_05:43:46.fil.hdf5,1.0
0.500003_DM_55.87_beam_1C2020_01_02_15:33:00.fil.hdf5,0.9997423
0.500003_DM_56.80_beam_1C2020_02_21_20:33:58.fil.hdf5,0.9999887
0.500003_DM_57.10_beam_1C2020_02_16_00:51:43.fil.hdf5,1.0
0.500003_DM_57.72_beam_9C2020_02_02_04:24:52.fil.hdf5,0.99994206
0.500003_DM_59.25_beam_156C2019_12_06_15:48:36.fil.hdf5,1.0
0.500003_DM_59.25_beam_8C2020_02_16_01:48:50.fil.hdf5,0.56362045
0.500003_DM_59.87_beam_0C2020_02_16_01:56:34.fil.hdf5,0.99997926
0.500003_DM_59.87_beam_5C2020_02_02_08:04:42.fil.hdf5,0.99988925
0.500003_DM_60.17_beam_6C2020_03_31_02:55:33.fil.hdf5,0.55751956
0.500003_DM_60.79_beam_409C2020_04_23_22:58:40.fil.hdf5,0.99999666
0.500003_DM_61.40_beam_1C2020_02_02_03:14:53.fil.hdf5,0.99986136
0.500003_DM_616.05_beam_10C2020_02_02_05:47:50.fil.hdf5,1.0
0.500003_DM_62.63_beam_563C2020_04_13_03:29:35.fil.hdf5,0.9999999
0.500003_DM_720.18_beam_63C2020_05_25_02:11:37.fil.hdf5,1.0
0.500003_DM_762.10_beam_370C2020_01_12_23:54:02.fil.hdf5,1.0
0.500003_DM_768.62_beam_32C2020_01_12_23:15:02.fil.hdf5,1.0
0.500003_DM_88.42_beam_0C2020_02_02_12:08:08.fil.hdf5,0.99999964
0.500003_DM_89.95_beam_0I2020_04_04_01:31:48.fil.hdf5,0.99989283
0.500003_DM_99.47_beam_259C2020_01_12_22:27:35.fil.hdf5,0.9999745
0.500004_DM_116.97_beam_264C2020_01_12_22:27:04.fil.hdf5,1.0
0.500004_DM_122.49_beam_36C2020_04_13_00:50:12.fil.hdf5,1.0
0.500004_DM_131.40_beam_475C2020_04_22_15:32:56.fil.hdf5,0.9631418
0.500004_DM_134.77_beam_3C2020_02_02_03:20:48.fil.hdf5,0.99999106
0.500004_DM_1530.21_beam_7C2020_02_02_12:06:29.fil.hdf5,1.0
0.500004_DM_155.96_beam_0I2020_01_12_23:25:38.fil.hdf5,0.87692016
0.500004_DM_159.33_beam_0C2020_02_21_21:39:47.fil.hdf5,0.9999442
0.500004_DM_163.32_beam_367C2020_04_27_17:57:37.fil.hdf5,0.99579936
0.500004_DM_1875.62_beam_74C2020_01_12_23:23:50.fil.hdf5,1.0
0.500004_DM_197.40_beam_589C2020_04_22_16:43:55.fil.hdf5,1.0
0.500004_DM_22.72_beam_11C2020_03_23_03:06:22.fil.hdf5,1.0
0.500004_DM_25.17_beam_23C2020_04_13_00:46:05.fil.hdf5,1.0
0.500004_DM_25.17_beam_526C2020_04_23_23:08:34.fil.hdf5,0.99938405
0.500004_DM_25.17_beam_583C2020_04_13_00:45:53.fil.hdf5,1.0
0.500004_DM_254.81_beam_8C2020_02_04_03:03:47.fil.hdf5,1.0
0.500004_DM_256.96_beam_110C2019_12_06_15:27:20.fil.hdf5,1.0
0.500004_DM_2631.74_beam_652C2020_04_23_23:09:36.fil.hdf5,0.99999976
0.500004_DM_271.39_beam_5C2020_02_04_03:03:47.fil.hdf5,0.99999976
0.500004_DM_27.32_beam_263C2020_04_22_15:26:10.fil.hdf5,1.0
0.500004_DM_28.86_beam_445C2020_04_13_01:05:48.fil.hdf5,0.9999453
0.500004_DM_29.47_beam_187C2020_04_23_23:10:13.fil.hdf5,1.0
0.500004_DM_30.09_beam_357C2020_04_23_23:00:55.fil.hdf5,1.0
0.500004_DM_3036.17_beam_11C2020_02_02_09:19:35.fil.hdf5,1.0
0.500004_DM_31.01_beam_649C2019_12_06_15:44:44.fil.hdf5,1.0
0.500004_DM_311.30_beam_459C2020_04_13_01:55:43.fil.hdf5,1.0
0.500004_DM_31.31_beam_494C2020_04_23_23:00:56.fil.hdf5,1.0
0.500004_DM_320.81_beam_445C2020_04_13_01:55:43.fil.hdf5,1.0
0.500004_DM_33.46_beam_653C2020_04_13_00:46:00.fil.hdf5,1.0
0.500004_DM_338.31_beam_0I2020_01_12_23:24:49.fil.hdf5,1.0
0.500004_DM_34.08_beam_521C2020_04_23_23:03:55.fil.hdf5,0.99986076
0.500004_DM_365.94_beam_750C2020_04_23_23:05:05.fil.hdf5,0.9999999
0.500004_DM_379.45_beam_753C2020_04_23_23:05:05.fil.hdf5,0.99991703
0.500004_DM_380.07_beam_298C2020_04_13_07:12:35.fil.hdf5,0.99842525
0.500004_DM_382.64_beam_653C2020_04_13_01:04:33.fil.hdf5,1.0
0.500004_DM_382.64_beam_759C2020_04_13_00:46:05.fil.hdf5,1.0
0.500004_DM_382.83_beam_552C2020_04_27_17:52:45.fil.hdf5,1.0
0.500004_DM_383.29_beam_614C2020_04_13_00:46:39.fil.hdf5,1.0
0.500004_DM_38.38_beam_557C2020_04_27_02:17:58.fil.hdf5,0.99999917
0.500004_DM_387.20_beam_666C2020_04_13_00:46:13.fil.hdf5,1.0
0.500004_DM_389.16_beam_11C2020_04_14_02:29:26.fil.hdf5,0.9499622
0.500004_DM_40.52_beam_142C2020_04_23_23:03:55.fil.hdf5,1.0
0.500004_DM_41.14_beam_405C2020_04_23_23:10:23.fil.hdf5,0.9998282
0.500004_DM_423.06_beam_688C2020_04_13_00:46:09.fil.hdf5,1.0
0.500004_DM_4233.75_beam_144C2020_05_31_18:22:37.fil.hdf5,1.0
0.500004_DM_42.98_beam_655C2019_12_06_15:44:12.fil.hdf5,1.0
0.500004_DM_44.21_beam_369C2020_04_27_02:18:43.fil.hdf5,0.9999616
0.500004_DM_4514.68_beam_532C2020_01_20_10:33:28.fil.hdf5,1.0
0.500004_DM_452.86_beam_586C2020_05_24_23:25:36.fil.hdf5,1.0
0.500004_DM_47.59_beam_179C2019_12_06_15:48:36.fil.hdf5,0.99999976
0.500004_DM_476.52_beam_480C2019_12_18_08:43:21.fil.hdf5,0.9999974
0.500004_DM_486.77_beam_362C2020_04_27_17:57:36.fil.hdf5,0.9411836
0.500004_DM_51.58_beam_2C2020_02_02_04:06:14.fil.hdf5,1.0
0.500004_DM_51.88_beam_7C2020_02_21_20:33:34.fil.hdf5,1.0
0.500004_DM_52.19_beam_10C2020_02_02_11:28:03.fil.hdf5,0.99998224
0.500004_DM_52.19_beam_1C2020_02_16_01:45:37.fil.hdf5,0.9992812
0.500004_DM_52.50_beam_151C2020_04_22_16:43:51.fil.hdf5,1.0
0.500004_DM_52.80_beam_7C2020_02_27_02:50:25.fil.hdf5,0.99999976
0.500004_DM_53.11_beam_157C2020_04_27_02:19:47.fil.hdf5,1.0
0.500004_DM_53.11_beam_5C2020_02_21_20:27:07.fil.hdf5,0.9999976
0.500004_DM_534.55_beam_220C2020_01_12_22:27:33.fil.hdf5,0.9999912
0.500004_DM_54.03_beam_174C2019_12_06_15:45:19.fil.hdf5,0.9848394
0.500004_DM_54.65_beam_521C2019_12_06_15:27:20.fil.hdf5,0.9999989
0.500004_DM_54.95_beam_6C2020_02_02_04:24:51.fil.hdf5,0.9999982
0.500004_DM_557.37_beam_0C2020_03_20_03:41:10.fil.hdf5,1.0
0.500004_DM_55.87_beam_5C2020_02_02_12:08:31.fil.hdf5,0.9999999
0.500004_DM_55.87_beam_6C2020_02_16_00:57:51.fil.hdf5,0.9911442
0.500004_DM_56.18_beam_11C2020_02_21_20:27:19.fil.hdf5,1.0
0.500004_DM_56.49_beam_1C2020_02_16_07:54:50.fil.hdf5,1.0
0.500004_DM_57.10_beam_0C2020_02_04_02:37:03.fil.hdf5,1.0
0.500004_DM_58.33_beam_1C2020_02_16_01:48:50.fil.hdf5,0.99947983
0.500004_DM_58.64_beam_1C2020_02_16_01:55:50.fil.hdf5,0.98253655
0.500004_DM_58.94_beam_651C2019_12_06_15:45:19.fil.hdf5,0.99049115
0.500004_DM_58.94_beam_6C2020_02_21_20:26:19.fil.hdf5,1.0
0.500004_DM_60.17_beam_4C2020_02_21_20:37:29.fil.hdf5,1.0
0.500004_DM_62.94_beam_9C2020_02_21_20:26:19.fil.hdf5,1.0
0.500004_DM_64.16_beam_10C2020_02_16_01:56:34.fil.hdf5,0.99999964
0.500004_DM_65.70_beam_2C2020_02_02_06:33:34.fil.hdf5,1.0
0.500004_DM_67.23_beam_595C2020_04_23_22:58:40.fil.hdf5,1.0
0.500004_DM_685.82_beam_137C2020_04_13_00:48:33.fil.hdf5,1.0
0.500004_DM_73.68_beam_0C2020_03_23_03:08:09.fil.hdf5,0.9999989
0.500004_DM_762.10_beam_34C2020_01_12_23:15:10.fil.hdf5,1.0
0.500004_DM_771.23_beam_10C2020_02_02_04:42:04.fil.hdf5,0.9999995
0.500004_DM_774.41_beam_4C2020_04_14_02:48:47.fil.hdf5,1.0
0.500004_DM_776.22_beam_3C2020_05_31_18:23:06.fil.hdf5,0.9896678
0.500004_DM_828.85_beam_362C2020_04_27_02:16:57.fil.hdf5,1.0
0.500004_DM_84.73_beam_1C2020_02_16_03:37:42.fil.hdf5,0.9999852
0.500004_DM_85.35_beam_6C2020_02_16_01:49:07.fil.hdf5,0.9987607
0.500004_DM_945.32_beam_274C2020_01_20_10:43:49.fil.hdf5,0.99999964
0.500004_DM_98.85_beam_0I2020_01_12_23:57:34.fil.hdf5,1.0
0.500005_DM_21.80_beam_0C2020_04_13_07:55:14.fil.hdf5,1.0
0.500005_DM_31.01_beam_112C2019_12_06_15:43:11.fil.hdf5,0.9999995
0.500005_DM_31.01_beam_171C2019_12_06_15:44:53.fil.hdf5,1.0
0.500005_DM_33.46_beam_649C2019_12_06_15:44:37.fil.hdf5,0.9999734
0.500005_DM_379.14_beam_1C2020_02_16_03:45:22.fil.hdf5,1.0
0.500005_DM_60.79_beam_3C2020_02_02_05:54:26.fil.hdf5,1.0
0.500005_DM_72.14_beam_3C2020_02_02_05:44:47.fil.hdf5,0.9999995
0.500005_DM_81.66_beam_2C2020_03_31_01:28:07.fil.hdf5,0.9868852
0.502446_DM_249.28_beam_11C2020_02_04_02:54:01.fil.hdf5,1.0
0.502453_DM_43.59_beam_0I2020_05_24_23:20:04.fil.hdf5,0.9802628
0.506122_DM_171.00_beam_0I2020_01_12_23:55:56.fil.hdf5,0.9934523
0.50735_DM_2496.09_beam_201C2020_04_04_01:31:34.fil.hdf5,1.0
0.507652_DM_57.10_beam_0I2020_01_12_23:45:36_1.fil.hdf5,0.99999297
0.508881_DM_124.33_beam_0I2020_01_12_23:27:47.fil.hdf5,0.99998486
0.509649_DM_85.65_beam_7C2020_02_02_05:43:04.fil.hdf5,0.9999572
0.509802_DM_621.27_beam_460C2020_04_13_00:48:33.fil.hdf5,1.0
0.509803_DM_2465.94_beam_200C2020_04_04_01:31:34.fil.hdf5,1.0
0.511027_DM_2626.71_beam_406C2020_04_23_23:09:36.fil.hdf5,1.0
0.511637_DM_54.65_beam_0C2020_03_30_03:30:35.fil.hdf5,1.0
0.512247_DM_132.62_beam_452C2019_12_18_08:42:56.fil.hdf5,1.0
0.512556_DM_455.66_beam_3C2020_02_04_03:07:39.fil.hdf5,1.0
0.512859_DM_166.09_beam_0I2020_01_12_23:26:21.fil.hdf5,0.9999987
0.513781_DM_256.35_beam_0I2020_01_12_23:27:17.fil.hdf5,0.99998903
0.513932_DM_125.26_beam_3C2020_04_14_02:29:20.fil.hdf5,0.99995506
0.514389_DM_27.94_beam_429C2020_04_13_01:35:38.fil.hdf5,1.0
0.514391_DM_281.83_beam_7C2020_02_02_03:24:29.fil.hdf5,0.999998
0.515921_DM_304.85_beam_8C2020_02_27_01:05:06.fil.hdf5,1.0
0.515928_DM_25.79_beam_428C2020_04_13_01:35:38.fil.hdf5,1.0
0.517454_DM_271.08_beam_0C2020_04_07_01:21:10.fil.hdf5,0.99996984
0.517762_DM_380.37_beam_8C2020_02_16_03:39:19.fil.hdf5,1.0
0.518374_DM_2719.66_beam_320C2019_12_18_08:44:44.fil.hdf5,0.9997931
0.520822_DM_29.47_beam_363C2020_04_27_02:23:52.fil.hdf5,1.0
0.522049_DM_2757.34_beam_748C2020_01_20_09:47:03.fil.hdf5,0.99833256
0.522053_DM_83.50_beam_651C2019_12_06_15:48:36.fil.hdf5,0.9999975
0.524502_DM_96.09_beam_40C2020_04_13_00:46:09.fil.hdf5,1.0
0.525108_DM_380.07_beam_0I2020_04_13_02:11:57.fil.hdf5,1.0
0.525726_DM_2089.14_beam_6C2020_02_02_11:59:20.fil.hdf5,0.99987614
0.526337_DM_771.23_beam_203C2020_04_04_01:31:31.fil.hdf5,1.0
0.526796_DM_328.80_beam_0I2020_01_12_23:33:44.fil.hdf5,0.999635
0.526799_DM_334.63_beam_0I2020_01_12_23:26:01.fil.hdf5,0.99999976
0.526952_DM_35.00_beam_557C2020_04_13_00:48:20.fil.hdf5,1.0
0.528179_DM_895.95_beam_162C2020_04_27_02:17:33.fil.hdf5,1.0
0.531086_DM_300.86_beam_248C2019_12_18_08:42:04.fil.hdf5,0.999841
0.531636_DM_380.68_beam_7C2020_03_18_04:46:44.fil.hdf5,1.0
0.531847_DM_68.77_beam_103C2020_04_13_00:48:24.fil.hdf5,1.0
0.533078_DM_1302.33_beam_0C2020_04_13_09:56:25.fil.hdf5,1.0
0.533931_DM_44.82_beam_0I2020_05_24_23:21:18.fil.hdf5,1.0
0.534296_DM_718.88_beam_202C2020_05_24_23:22:13.fil.hdf5,1.0
0.5343_DM_319.89_beam_170C2020_04_13_00:46:05.fil.hdf5,1.0
0.540423_DM_771.23_beam_194C2020_04_04_01:31:31.fil.hdf5,1.0
0.540427_DM_69.69_beam_0I2020_01_12_23:45:02.fil.hdf5,0.9999993
0.541034_DM_54.65_beam_1C2020_02_02_03:31:40.fil.hdf5,0.98993087
0.54159_DM_85.65_beam_9C2020_04_14_02:29:25.fil.hdf5,0.99676406
0.543181_DM_410.02_beam_328C2020_04_12_03:33:19.fil.hdf5,0.9999999
0.544406_DM_71.53_beam_0I2020_01_12_23:32:42.fil.hdf5,0.9999995
0.546548_DM_380.68_beam_618C2020_04_13_00:46:29.fil.hdf5,1.0
0.54655_DM_41.75_beam_168C2019_12_06_15:48:36.fil.hdf5,0.9999107
0.54655_DM_482.39_beam_661C2020_04_13_00:46:05.fil.hdf5,1.0
0.548996_DM_279.98_beam_356C2020_04_13_00:46:27.fil.hdf5,1.0
0.548998_DM_68.77_beam_2C2020_03_31_01:20:29.fil.hdf5,1.0
0.549003_DM_774.30_beam_8C2020_05_31_18:20:32.fil.hdf5,1.0
0.551445_DM_5145.75_beam_8C2020_05_31_18:22:44.fil.hdf5,0.99948114
0.553284_DM_692.34_beam_310C2019_12_18_08:43:37.fil.hdf5,0.9997522
0.555125_DM_491.52_beam_514C2019_12_18_08:42:36.fil.hdf5,0.99997115
0.557574_DM_1528.95_beam_662C2020_04_13_02:21:13.fil.hdf5,1.0
0.557577_DM_129.55_beam_196C2020_04_13_00:48:33.fil.hdf5,0.9999982
0.557577_DM_937.73_beam_318C2019_12_18_08:44:19.fil.hdf5,0.99999976
0.558802_DM_454.36_beam_143C2020_04_13_00:46:05.fil.hdf5,1.0
0.562477_DM_38.38_beam_583C2020_04_13_00:48:20.fil.hdf5,1.0
0.563697_DM_408.72_beam_650C2020_04_13_00:46:05.fil.hdf5,1.0
0.564768_DM_43.90_beam_0I2020_05_24_23:20:05.fil.hdf5,0.92228305
0.566152_DM_73.37_beam_527C2020_04_23_23:08:22.fil.hdf5,1.0
0.567833_DM_353.05_beam_27C2019_12_18_08:41:53.fil.hdf5,0.9956683
0.568597_DM_117.27_beam_482C2019_12_18_08:44:10.fil.hdf5,0.9999982
0.568597_DM_2325.27_beam_3C2020_04_14_05:48:59.fil.hdf5,1.0
0.5686_DM_328.18_beam_149C2020_04_13_00:46:13.fil.hdf5,1.0
0.569514_DM_51.58_beam_2C2020_02_21_20:28:28.fil.hdf5,1.0
0.569673_DM_52.80_beam_4C2020_02_21_20:28:28.fil.hdf5,0.99999785
0.571809_DM_61.40_beam_9C2020_02_02_07:49:17.fil.hdf5,0.9799857
0.572985_DM_67.23_beam_1C2020_02_14_05:15:52.fil.hdf5,0.99981016
0.574414_DM_61.40_beam_5C2020_02_02_07:49:17.fil.hdf5,0.99604875
0.575946_DM_496.74_beam_159C2020_04_13_00:48:33.fil.hdf5,1.0
0.580184_DM_1033.21_beam_0C2020_03_20_17:48:25.fil.hdf5,0.9999968
0.580853_DM_206.30_beam_301C2020_04_13_00:46:29.fil.hdf5,1.0
0.581251_DM_915.48_beam_362C2020_05_31_18:21:16.fil.hdf5,1.0
0.581459_DM_47.59_beam_0C2020_04_13_05:31:58.fil.hdf5,0.84075755
0.581767_DM_24.87_beam_185C2020_04_23_23:06:49.fil.hdf5,0.9999994
0.582074_DM_149.20_beam_0C2020_04_07_01:28:42.fil.hdf5,0.7552034
0.582074_DM_59.25_beam_318C2019_12_18_08:43:46.fil.hdf5,0.99994683
0.582686_DM_38.38_beam_425C2020_04_13_01:35:38.fil.hdf5,1.0
0.583299_DM_705.38_beam_118C2019_12_18_08:43:29.fil.hdf5,0.99999976
0.585289_DM_23.95_beam_754C2020_04_23_23:06:49.fil.hdf5,0.99998343
0.587891_DM_174.99_beam_0I2020_01_12_23:49:48.fil.hdf5,0.99994564
0.588196_DM_3011.05_beam_0C2020_04_13_04:48:17.fil.hdf5,1.0
0.59013_DM_741.89_beam_0I2020_01_12_23:40:59.fil.hdf5,0.9997787
0.590645_DM_3349.75_beam_149C2020_05_31_18:22:44.fil.hdf5,1.0
0.59264_DM_53.42_beam_9C2020_02_04_02:46:16.fil.hdf5,1.0
0.593095_DM_2009.32_beam_362C2020_05_31_18:21:36.fil.hdf5,1.0
0.593488_DM_651.07_beam_575C2020_05_30_10:21:10.fil.hdf5,0.99999535
0.597998_DM_1342.85_beam_480C2019_12_18_08:43:53.fil.hdf5,0.9999795
0.598001_DM_771.23_beam_11C2020_02_04_02:53:58.fil.hdf5,1.0
0.598096_DM_690.38_beam_0I2020_01_12_23:45:32.fil.hdf5,0.99943846
0.598302_DM_603.01_beam_245C2019_12_18_08:44:10.fil.hdf5,0.9997861
0.598306_DM_528.03_beam_448C2019_12_18_08:41:43.fil.hdf5,0.99999475
0.599836_DM_317.75_beam_512C2019_12_18_08:44:13.fil.hdf5,0.9999969
0.5_DM_104.38_beam_0I2020_01_12_23:55:41.fil.hdf5,0.9999999
0.5_DM_105.92_beam_0I2020_01_12_23:56:11.fil.hdf5,1.0
0.5_DM_109.91_beam_227C2019_12_06_15:26:26.fil.hdf5,0.99997115
0.5_DM_118.19_beam_10C2020_02_04_01:59:55.fil.hdf5,0.9999995
0.5_DM_120.34_beam_7C2020_04_07_04:53:20.fil.hdf5,1.0
0.5_DM_1221.31_beam_10C2020_02_04_02:53:57.fil.hdf5,1.0
0.5_DM_122.19_beam_2C2020_02_16_00:38:09.fil.hdf5,0.9999989
0.5_DM_1226.37_beam_118C2019_12_18_08:43:53.fil.hdf5,0.996406
0.5_DM_130.17_beam_8C2020_02_04_01:59:55.fil.hdf5,1.0
0.5_DM_130.78_beam_5C2020_02_02_05:44:01.fil.hdf5,0.999998
0.5_DM_1360.57_beam_517C2019_12_18_08:44:10.fil.hdf5,0.999997
0.5_DM_1490.97_beam_442C2020_01_02_15:33:13.fil.hdf5,1.0
0.5_DM_1508.69_beam_205C2020_01_20_09:37:01.fil.hdf5,0.9999994
0.5_DM_1530.21_beam_2C2020_02_04_01:32:04.fil.hdf5,1.0
0.5_DM_172.23_beam_223C2020_04_22_15:32:12.fil.hdf5,0.99997497
0.5_DM_1750.02_beam_4C2020_01_02_15:27:15.fil.hdf5,0.9999999
0.5_DM_226.26_beam_9C2020_02_21_21:35:31.fil.hdf5,0.99993896
0.5_DM_22.72_beam_0I2020_03_23_02:56:17.fil.hdf5,0.99889463
0.5_DM_242.53_beam_4C2019_12_06_15:26:26.fil.hdf5,0.9999999
0.5_DM_25.48_beam_0C2020_04_13_10:02:16.fil.hdf5,1.0
0.5_DM_25.48_beam_602C2020_04_22_15:26:10.fil.hdf5,1.0
0.5_DM_255.73_beam_127C2019_12_06_15:27:20.fil.hdf5,1.0
0.5_DM_258.80_beam_0I2020_05_24_23:18:27.fil.hdf5,0.9999999
0.5_DM_26.09_beam_165C2020_04_27_02:23:52.fil.hdf5,1.0
0.5_DM_26.09_beam_352C2020_04_13_00:46:20.fil.hdf5,1.0
0.5_DM_264.94_beam_66C2020_04_13_07:12:41.fil.hdf5,0.99999523
0.5_DM_266.17_beam_253C2020_01_12_22:27:34.fil.hdf5,0.99982697
0.5_DM_266.78_beam_0I2020_01_12_23:23:33.fil.hdf5,1.0
0.5_DM_27.32_beam_0I2020_04_13_01:55:50.fil.hdf5,0.99999845
0.5_DM_27.32_beam_553C2020_04_27_17:59:24.fil.hdf5,0.99387866
0.5_DM_2789.99_beam_249C2019_12_18_08:41:49.fil.hdf5,1.0
0.5_DM_288.27_beam_5C2020_02_21_20:19:55.fil.hdf5,1.0
0.5_DM_29.47_beam_0I2020_05_24_23:21:08.fil.hdf5,1.0
0.5_DM_3034.21_beam_63C2020_05_25_02:11:28.fil.hdf5,1.0
0.5_DM_30.70_beam_479C2020_04_13_00:46:05.fil.hdf5,0.9999993
0.5_DM_31.01_beam_0C2020_04_13_09:37:52.fil.hdf5,0.9999919
0.5_DM_31.01_beam_325C2019_12_06_15:48:17.fil.hdf5,0.9999957
0.5_DM_31.01_beam_335C2019_12_06_15:46:33.fil.hdf5,1.0
0.5_DM_31.01_beam_573C2019_12_06_15:27:18.fil.hdf5,0.99998975
0.5_DM_317.75_beam_0I2020_01_12_23:19:31.fil.hdf5,0.99998975
0.5_DM_319.89_beam_557C2020_04_13_00:46:39.fil.hdf5,1.0
0.5_DM_330.02_beam_9C2020_02_21_22:08:09.fil.hdf5,0.9999976
0.5_DM_33.77_beam_430C2019_12_06_15:48:17.fil.hdf5,1.0
0.5_DM_34.08_beam_421C2019_12_06_15:48:17.fil.hdf5,0.99999917
0.5_DM_343.84_beam_447C2020_04_13_01:55:43.fil.hdf5,1.0
0.5_DM_34.38_beam_141C2020_04_23_23:09:00.fil.hdf5,0.99978596
0.5_DM_347.22_beam_562C2020_04_27_02:19:46.fil.hdf5,0.9999411
0.5_DM_352.44_beam_388C2020_04_27_02:19:46.fil.hdf5,0.9999958
0.5_DM_353.36_beam_29C2020_01_12_23:16:02.fil.hdf5,1.0
0.5_DM_359.19_beam_8C2020_02_21_20:35:05.fil.hdf5,1.0
0.5_DM_360.73_beam_2C2020_02_02_06:33:40.fil.hdf5,0.99999785
0.5_DM_363.49_beam_391C2020_04_04_01:31:25.fil.hdf5,1.0
0.5_DM_369.63_beam_69C2020_04_13_07:12:41.fil.hdf5,0.9999999
0.5_DM_37.15_beam_0C2020_04_07_01:38:06.fil.hdf5,1.0
0.5_DM_373.62_beam_187C2020_04_23_23:05:05.fil.hdf5,0.99994206
0.5_DM_377.30_beam_262C2020_01_12_22:27:34.fil.hdf5,0.9985562
0.5_DM_379.14_beam_651C2020_04_23_23:05:05.fil.hdf5,0.9999409
0.5_DM_379.76_beam_403C2020_04_23_23:05:05.fil.hdf5,0.99999833
0.5_DM_381.33_beam_706C2020_04_13_00:46:05.fil.hdf5,1.0
0.5_DM_38.99_beam_5C2020_03_23_03:07:59.fil.hdf5,1.0
0.5_DM_403.50_beam_10C2020_02_16_06:53:16.fil.hdf5,1.0
0.5_DM_4050.68_beam_626C2020_04_04_00:55:55.fil.hdf5,1.0
0.5_DM_418.31_beam_152C2020_05_30_10:21:07.fil.hdf5,0.9996402
0.5_DM_426.32_beam_744C2020_04_13_00:46:13.fil.hdf5,1.0
0.5_DM_42.67_beam_109C2019_12_06_15:27:21.fil.hdf5,1.0
0.5_DM_43.59_beam_0I2020_05_24_23:19:27.fil.hdf5,0.99999976
0.5_DM_43.90_beam_10C2020_04_07_01:37:49.fil.hdf5,1.0
0.5_DM_463.95_beam_362C2020_05_31_18:19:26.fil.hdf5,1.0
0.5_DM_507.63_beam_10C2020_05_30_10:19:40.fil.hdf5,1.0
0.5_DM_50.96_beam_565C2019_12_06_15:27:20.fil.hdf5,0.9999994
0.5_DM_51.27_beam_0C2020_02_04_01:24:09.fil.hdf5,0.9112734
0.5_DM_51.27_beam_0C2020_02_16_01:51:22.fil.hdf5,0.9999993
0.5_DM_51.27_beam_0C2020_02_16_01:57:32.fil.hdf5,0.9999975
0.5_DM_51.27_beam_3C2020_02_16_01:48:19.fil.hdf5,1.0
0.5_DM_51.58_beam_11C2020_02_21_22:09:05.fil.hdf5,0.9999951
0.5_DM_51.58_beam_4C2020_02_04_02:46:17.fil.hdf5,1.0
0.5_DM_51.58_beam_7C2020_02_04_01:45:39.fil.hdf5,0.9999956
0.5_DM_518.06_beam_557C2020_04_27_17:57:39.fil.hdf5,0.99999774
0.5_DM_51.88_beam_8C2020_02_21_20:28:58.fil.hdf5,1.0
0.5_DM_52.50_beam_9C2020_02_02_08:02:50.fil.hdf5,0.9999962
0.5_DM_52.80_beam_8C2020_02_21_20:36:25.fil.hdf5,1.0
0.5_DM_53.11_beam_3C2020_02_02_05:58:04.fil.hdf5,1.0
0.5_DM_53.42_beam_10C2020_02_27_00:35:52.fil.hdf5,1.0
0.5_DM_542.38_beam_0C2020_04_13_09:50:59.fil.hdf5,1.0
0.5_DM_55.26_beam_7C2020_02_21_22:09:05.fil.hdf5,1.0
0.5_DM_55.26_beam_8C2020_02_04_03:59:16.fil.hdf5,0.9999999
0.5_DM_55.57_beam_4C2020_02_02_07:48:57.fil.hdf5,0.9997918
0.5_DM_55.87_beam_271C2020_01_02_15:33:27.fil.hdf5,1.0
0.5_DM_56.18_beam_7C2020_02_02_08:04:44_1.fil.hdf5,0.99999964
0.5_DM_57.10_beam_0I2020_04_13_01:06:16.fil.hdf5,0.9995995
0.5_DM_57.41_beam_1C2020_02_02_04:25:38.fil.hdf5,0.9999987
0.5_DM_57.41_beam_755C2020_04_23_23:09:25.fil.hdf5,1.0
0.5_DM_57.41_beam_8C2020_02_21_20:26:10.fil.hdf5,0.99999976
0.5_DM_57.72_beam_11C2020_03_18_04:30:14.fil.hdf5,0.99999976
0.5_DM_57.72_beam_4C2020_02_21_20:17:58.fil.hdf5,0.99999523
0.5_DM_57.72_beam_5C2020_02_02_07:48:57.fil.hdf5,0.9092927
0.5_DM_59.25_beam_552C2020_04_13_03:30:38.fil.hdf5,1.0
0.5_DM_59.87_beam_427C2019_12_06_15:48:36.fil.hdf5,1.0
0.5_DM_61.71_beam_6C2020_04_06_04:05:00.fil.hdf5,1.0
0.5_DM_63.24_beam_6C2020_02_16_01:56:34.fil.hdf5,0.99999976
0.5_DM_63.55_beam_6C2020_02_02_06:33:05.fil.hdf5,0.99894255
0.5_DM_64.16_beam_418C2020_04_23_22:58:40.fil.hdf5,0.99999857
0.5_DM_64.16_beam_749C2020_04_23_23:09:06.fil.hdf5,0.9999795
0.5_DM_64.78_beam_6C2020_02_02_03:11:29.fil.hdf5,1.0
0.5_DM_65.39_beam_6C2020_02_02_06:33:34.fil.hdf5,0.99991536
0.5_DM_66.31_beam_11C2020_02_02_11:13:29.fil.hdf5,0.99997497
0.5_DM_66.93_beam_358C2020_04_23_23:00:55.fil.hdf5,1.0
0.5_DM_670.17_beam_6C2020_04_07_05:50:59.fil.hdf5,1.0
0.5_DM_67.85_beam_6C2020_02_02_03:14:53.fil.hdf5,0.94769055
0.5_DM_68.46_beam_71C2020_04_23_22:58:40.fil.hdf5,1.0
0.5_DM_70.30_beam_1C2020_02_16_01:11:09.fil.hdf5,0.9999963
0.5_DM_733.41_beam_4C2020_02_04_03:18:02.fil.hdf5,0.9996737
0.5_DM_75.22_beam_0I2020_04_23_23:01:04.fil.hdf5,1.0
0.5_DM_752.78_beam_562C2020_04_27_17:57:47.fil.hdf5,0.9999999
0.5_DM_759.49_beam_538C2020_04_13_00:53:58.fil.hdf5,1.0
0.5_DM_762.10_beam_1C2020_02_04_03:18:02.fil.hdf5,0.99640274
0.5_DM_767.32_beam_10C2020_02_02_05:43:03.fil.hdf5,1.0
0.5_DM_769.27_beam_0C2020_03_20_03:42:58.fil.hdf5,1.0
0.5_DM_771.23_beam_495C2020_04_13_01:02:09.fil.hdf5,1.0
0.5_DM_771.23_beam_500C2020_04_13_01:02:09.fil.hdf5,1.0
0.5_DM_79.21_beam_426C2019_12_06_15:44:44.fil.hdf5,1.0
0.5_DM_798.47_beam_11C2020_02_02_07:30:38.fil.hdf5,0.99999857
0.5_DM_82.58_beam_278C2020_04_13_00:48:09.fil.hdf5,1.0
0.5_DM_82.58_beam_554C2020_04_27_17:58:37.fil.hdf5,0.9993724
0.5_DM_840.24_beam_481C2020_01_12_22:27:32.fil.hdf5,0.9987212
0.5_DM_85.65_beam_8C2020_02_16_01:49:07.fil.hdf5,0.9999937
0.5_DM_926.33_beam_248C2020_04_13_01:04:22.fil.hdf5,1.0
0.5_DM_968.11_beam_3C2020_02_16_03:50:57.fil.hdf5,1.0
0.600447_DM_417.84_beam_184C2020_04_13_00:48:33.fil.hdf5,1.0
0.6029_DM_1482.11_beam_236C2020_01_02_15:33:12.fil.hdf5,0.9999933
0.603361_DM_55.26_beam_3C2020_02_02_05:48:46.fil.hdf5,0.9999982
0.604121_DM_125.26_beam_4C2020_02_04_01:59:55.fil.hdf5,1.0
0.60657_DM_2325.27_beam_7C2020_04_14_05:48:59.fil.hdf5,1.0
0.609331_DM_259.42_beam_0I2020_01_12_23:58:47.fil.hdf5,0.99996865
0.610557_DM_249.59_beam_0I2020_01_12_23:33:31.fil.hdf5,0.99934345
0.610861_DM_282.75_beam_5C2020_02_02_03:57:30.fil.hdf5,1.0
0.611468_DM_2046.44_beam_1C2020_02_02_11:59:20.fil.hdf5,0.9948832
0.612544_DM_197.71_beam_2C2020_02_02_04:36:59.fil.hdf5,0.99371654
0.614842_DM_109.60_beam_0I2020_01_12_23:27:42.fil.hdf5,1.0
0.618365_DM_95.78_beam_0I2020_01_12_23:38:15.fil.hdf5,0.9999999
0.621273_DM_52.80_beam_5C2020_02_02_05:54:01.fil.hdf5,1.0
0.622494_DM_26.09_beam_591C2020_04_13_01:35:41.fil.hdf5,1.0
0.626172_DM_1823.43_beam_366C2020_05_31_18:21:49.fil.hdf5,1.0
0.626422_DM_65.70_beam_0I2020_05_24_23:19:44.fil.hdf5,1.0
0.626788_DM_757.54_beam_236C2020_04_13_01:55:41.fil.hdf5,0.99993074
0.632293_DM_1521.35_beam_322C2019_12_18_08:44:19.fil.hdf5,0.9999567
0.632298_DM_1296.00_beam_454C2020_04_13_00:47:30.fil.hdf5,1.0
0.633006_DM_456.96_beam_464C2020_04_12_03:33:20.fil.hdf5,1.0
0.639645_DM_431.54_beam_0C2020_04_14_01:36:29.fil.hdf5,1.0
0.639648_DM_152.27_beam_5C2020_04_07_04:54:31.fil.hdf5,1.0
0.643326_DM_397.63_beam_5C2020_02_02_03:04:33.fil.hdf5,0.99999976
0.646381_DM_1488.44_beam_422C2020_01_02_15:33:12.fil.hdf5,0.9999982
0.646993_DM_144.29_beam_356C2020_04_13_00:48:33.fil.hdf5,1.0
0.650208_DM_98.55_beam_37C2019_12_18_08:44:05.fil.hdf5,0.9999398
0.650825_DM_51.88_beam_3C2020_02_21_20:28:58.fil.hdf5,1.0
0.651282_DM_382.52_beam_0I2020_05_24_23:21:09.fil.hdf5,0.96663016
0.654345_DM_2822.65_beam_0C2020_04_07_01:29:59.fil.hdf5,0.99960655
0.656794_DM_26.40_beam_583C2020_04_13_00:46:03.fil.hdf5,0.9998388
0.657406_DM_1470.71_beam_429C2020_01_02_15:27:13.fil.hdf5,0.94668776
0.658939_DM_72.45_beam_0I2020_01_12_23:46:00.fil.hdf5,0.9999455
0.660472_DM_1352.97_beam_221C2020_04_13_07:12:38.fil.hdf5,0.99896634
0.66143_DM_345.07_beam_178C2020_04_27_17:55:42.fil.hdf5,1.0
0.662708_DM_58.64_beam_268C2020_01_02_15:33:26.fil.hdf5,0.9999993
0.662_DM_65.08_beam_6C2020_02_02_04:26:37.fil.hdf5,0.9999963
0.663073_DM_22.72_beam_184C2020_04_23_23:06:48.fil.hdf5,1.0
0.663321_DM_57.10_beam_409C2020_01_02_15:33:26.fil.hdf5,1.0
0.664145_DM_2807.58_beam_318C2019_12_18_08:44:06.fil.hdf5,0.9999919
0.665161_DM_54.03_beam_272C2020_01_02_15:33:26.fil.hdf5,0.99999976
0.667366_DM_80.74_beam_3C2020_04_07_01:38:06.fil.hdf5,0.9999913
0.669658_DM_51.58_beam_0C2020_02_21_20:16:30.fil.hdf5,1.0
0.670269_DM_206.92_beam_5C2020_02_02_11:12:55.fil.hdf5,0.8597538
0.671646_DM_25.48_beam_385C2020_04_27_02:17:58.fil.hdf5,0.99999416
0.672416_DM_54.65_beam_1C2020_02_02_08:43:57.fil.hdf5,0.9999999
0.673946_DM_845.85_beam_688C2020_05_24_23:22:13.fil.hdf5,0.9999989
0.675175_DM_162.40_beam_11C2020_02_16_02:00:03.fil.hdf5,0.9999529
0.675326_DM_237.62_beam_9C2020_02_02_04:41:02.fil.hdf5,0.9999999
0.677312_DM_59.56_beam_7C2020_02_16_06:38:43.fil.hdf5,0.99847823
0.677618_DM_1423.87_beam_503C2020_01_20_09:47:04.fil.hdf5,0.99717975
0.677774_DM_26.71_beam_9C2020_03_23_03:07:43.fil.hdf5,1.0
0.679152_DM_28.24_beam_5C2020_03_23_03:07:44.fil.hdf5,0.9999999
0.679764_DM_52.50_beam_7C2020_02_16_01:58:26.fil.hdf5,0.999979
0.681445_DM_546.94_beam_0I2020_01_12_23:34:49.fil.hdf5,1.0
0.681906_DM_59.25_beam_578C2020_04_13_03:30:38.fil.hdf5,1.0
0.682216_DM_27.63_beam_6C2020_03_23_03:07:48.fil.hdf5,1.0
0.682519_DM_2980.90_beam_41C2019_12_18_08:44:11.fil.hdf5,0.99923
0.683291_DM_51.58_beam_11C2020_02_21_20:33:58.fil.hdf5,0.9999999
0.684049_DM_53.11_beam_9C2020_02_21_20:33:58.fil.hdf5,1.0
0.684972_DM_1484.64_beam_408C2020_01_02_15:33:13.fil.hdf5,1.0
0.685986_DM_4153.75_beam_96C2020_05_31_18:21:16.fil.hdf5,1.0
0.687423_DM_1114.97_beam_482C2019_12_18_08:42:47.fil.hdf5,0.9999937
0.693856_DM_64.78_beam_2C2020_02_02_04:31:27.fil.hdf5,0.99486405
0.694311_DM_66.31_beam_5C2020_02_21_20:14:53.fil.hdf5,1.0
0.696304_DM_60.79_beam_9C2020_02_27_00:35:52.fil.hdf5,1.0
0.696917_DM_174.68_beam_7C2020_02_21_21:37:45.fil.hdf5,0.9999696
0.697218_DM_1155.48_beam_39C2019_12_18_08:44:34.fil.hdf5,0.99817526
0.697837_DM_1001.03_beam_250C2019_12_18_08:43:48.fil.hdf5,0.9999702
0.699666_DM_744.50_beam_216C2020_04_13_01:55:41.fil.hdf5,0.99999726
0.705181_DM_830.12_beam_116C2019_12_18_08:41:48.fil.hdf5,0.99995315
0.708702_DM_503.26_beam_0I2020_01_12_23:32:27.fil.hdf5,0.99655664
0.713762_DM_294.11_beam_0I2020_01_12_23:35:07.fil.hdf5,0.9993368
0.714373_DM_1501.10_beam_500C2020_01_02_15:33:13.fil.hdf5,0.9999963
0.715903_DM_194.33_beam_0I2020_01_12_23:55:36.fil.hdf5,1.0
0.716818_DM_277.22_beam_223C2020_01_12_22:27:34.fil.hdf5,0.9999993
0.718048_DM_381.33_beam_493C2020_04_13_00:46:39.fil.hdf5,1.0
0.719268_DM_186.04_beam_9C2019_12_06_15:27:20.fil.hdf5,0.99990284
0.720184_DM_51.58_beam_5C2020_02_27_00:35:52.fil.hdf5,1.0
0.722941_DM_177.75_beam_4C2020_02_21_21:37:45.fil.hdf5,0.9965634
0.727232_DM_54.65_beam_0C2020_02_16_01:09:02.fil.hdf5,0.99824464
0.729678_DM_52.19_beam_9C2020_02_02_03:20:48.fil.hdf5,1.0
0.730143_DM_59.56_beam_10C2020_02_02_08:05:04.fil.hdf5,0.999926
0.731364_DM_52.19_beam_11C2020_02_02_06:33:40.fil.hdf5,1.0
0.731515_DM_1484.64_beam_10C2020_02_02_11:59:20.fil.hdf5,1.0
0.731524_DM_2875.40_beam_31C2019_12_18_08:42:55.fil.hdf5,0.999998
0.731826_DM_32.85_beam_3C2020_04_07_01:49:38.fil.hdf5,0.9973316
0.732131_DM_35.00_beam_169C2019_12_06_15:44:12.fil.hdf5,0.9998079
0.732741_DM_398.94_beam_378C2020_04_13_00:48:33.fil.hdf5,1.0
0.736884_DM_27.94_beam_7C2020_03_23_03:07:44.fil.hdf5,0.99999535
0.737187_DM_56.18_beam_0C2020_02_04_02:56:56.fil.hdf5,0.99999964
0.738102_DM_250.21_beam_0I2020_01_12_23:44:38.fil.hdf5,0.99999774
0.740095_DM_622.57_beam_6C2019_12_18_08:44:10.fil.hdf5,0.9999999
0.740099_DM_766.01_beam_24C2019_12_18_08:44:06.fil.hdf5,0.9997634
0.741931_DM_229.33_beam_0I2020_01_12_23:58:14.fil.hdf5,0.99999595
0.745304_DM_75.52_beam_0I2020_05_24_23:19:40.fil.hdf5,1.0
0.747754_DM_516.95_beam_4C2020_02_02_03:24:28.fil.hdf5,0.9999989
0.748059_DM_771.23_beam_0C2020_04_13_09:44:53.fil.hdf5,0.9999809
0.749282_DM_182.05_beam_0I2020_05_24_23:18:54.fil.hdf5,0.9933693
0.749898_DM_3036.17_beam_0C2020_04_19_18:26:20.fil.hdf5,1.0
0.751734_DM_833.19_beam_145C2020_05_31_18:22:32.fil.hdf5,1.0
0.751978_DM_321.12_beam_0I2020_05_24_23:21:50.fil.hdf5,0.9999999
0.752038_DM_66.31_beam_9C2020_04_08_23:01:36.fil.hdf5,1.0
0.752344_DM_1125.09_beam_747C2020_04_23_23:09:37.fil.hdf5,1.0
0.752346_DM_421.76_beam_0C2020_03_20_03:43:15.fil.hdf5,1.0
0.752956_DM_651.91_beam_1C2019_12_18_08:43:21.fil.hdf5,0.999998
0.753951_DM_512.19_beam_389C2020_04_27_17:55:48.fil.hdf5,0.99998987
0.758927_DM_286.43_beam_0I2020_01_12_23:35:47.fil.hdf5,0.99998987
0.75893_DM_303.62_beam_0I2020_01_12_23:40:10.fil.hdf5,0.9999995
0.759084_DM_833.19_beam_97C2020_05_31_18:19:36.fil.hdf5,0.99999964
0.760308_DM_349.37_beam_0I2020_01_12_23:31:42.fil.hdf5,0.99998975
0.760924_DM_85.96_beam_484C2019_12_18_08:44:10.fil.hdf5,0.99967945
0.761683_DM_33.16_beam_606C2020_04_23_23:10:22.fil.hdf5,0.9999999
0.764597_DM_2257.45_beam_0C2020_03_18_03:22:14.fil.hdf5,0.99999344
0.764897_DM_494.13_beam_485C2019_12_18_08:44:39.fil.hdf5,0.99993324
0.765821_DM_1079.52_beam_5C2020_02_27_00:26:16.fil.hdf5,1.0
0.771734_DM_726.24_beam_0C2020_04_13_09:48:17.fil.hdf5,1.0
0.771787_DM_55.87_beam_4C2020_02_02_04:25:06.fil.hdf5,0.99995124
0.77178_DM_721.49_beam_181C2020_04_27_17:55:48.fil.hdf5,0.9999989
0.771944_DM_2732.22_beam_9C2020_02_04_04:08:48.fil.hdf5,0.9999995
0.771946_DM_1113.70_beam_26C2019_12_18_08:43:53.fil.hdf5,0.9999999
0.773168_DM_391.11_beam_2C2020_02_02_03:10:04.fil.hdf5,0.99998534
0.778067_DM_2491.06_beam_454C2019_12_18_08:42:55.fil.hdf5,0.99989593
0.779291_DM_2807.58_beam_485C2019_12_18_08:44:12.fil.hdf5,0.99999523
0.77945_DM_36.23_beam_745C2020_04_23_23:10:22.fil.hdf5,0.9999999
0.782663_DM_287.35_beam_0I2020_01_12_23:53:15.fil.hdf5,0.99844676
0.785262_DM_36.23_beam_136C2020_04_23_23:10:22.fil.hdf5,0.9994863
0.786643_DM_594.54_beam_1C2020_03_31_02:19:19.fil.hdf5,0.99993
0.790473_DM_38.38_beam_748C2020_04_23_23:10:22.fil.hdf5,0.998572
0.790626_DM_662.34_beam_290C2020_01_20_11:19:23.fil.hdf5,0.99976367
0.790933_DM_569.76_beam_0I2020_01_12_23:33:11.fil.hdf5,0.9999995
0.792764_DM_27.63_beam_0C2020_03_23_03:29:17_1.fil.hdf5,0.99883956
0.794299_DM_268.93_beam_40C2019_12_18_08:43:40.fil.hdf5,0.9757034
0.795218_DM_267.40_beam_0I2020_01_12_23:34:07.fil.hdf5,1.0
0.795397_DM_182.36_beam_244C2020_04_27_17:58:14.fil.hdf5,0.9983223
0.798891_DM_42.06_beam_36C2020_04_13_00:46:09.fil.hdf5,1.0
0.798894_DM_1290.94_beam_0C2020_04_13_09:55:27.fil.hdf5,0.99999666
0.803485_DM_38.99_beam_400C2020_04_23_23:10:22.fil.hdf5,1.0
0.806093_DM_291.65_beam_4C2020_02_02_04:36:37.fil.hdf5,0.9226114
0.806246_DM_713.20_beam_229C2020_04_13_01:55:41.fil.hdf5,0.9999858
0.812982_DM_208.76_beam_10C2020_02_21_21:37:45.fil.hdf5,0.9999726
0.816345_DM_294.11_beam_0I2020_01_12_23:48:54.fil.hdf5,0.9999771
0.817571_DM_57.10_beam_2C2020_02_02_08:04:44.fil.hdf5,0.99994934
0.823177_DM_1908.28_beam_442C2020_01_02_15:27:14.fil.hdf5,0.99987924
0.823394_DM_711.90_beam_649C2019_12_06_15:47:17.fil.hdf5,0.92928743
0.825843_DM_38.38_beam_133C2020_04_23_23:10:22.fil.hdf5,0.99999976
0.825844_DM_1513.76_beam_193C2020_01_02_15:33:14.fil.hdf5,1.0
0.827201_DM_774.30_beam_5C2020_05_30_10:19:38.fil.hdf5,0.9996208
0.828697_DM_326.65_beam_6C2020_02_02_04:32:08.fil.hdf5,0.99989533
0.830741_DM_760.80_beam_219C2020_04_13_00:48:33.fil.hdf5,1.0
0.831354_DM_31.31_beam_648C2019_12_06_15:44:37.fil.hdf5,0.9999995
0.832424_DM_67.85_beam_0C2020_02_02_11:13:12.fil.hdf5,0.97872853
0.836501_DM_367.48_beam_0I2020_01_12_23:45:18.fil.hdf5,0.99999475
0.838096_DM_1499.83_beam_448C2019_12_18_08:43:53.fil.hdf5,1.0
0.841711_DM_97.63_beam_0I2020_01_12_23:28:27.fil.hdf5,1.0
0.844214_DM_54.34_beam_7C2020_02_02_04:32:08.fil.hdf5,0.7074422
0.844221_DM_67.85_beam_0I2020_01_12_23:33:30.fil.hdf5,0.99999964
0.846666_DM_34.08_beam_657C2020_04_23_23:10:22.fil.hdf5,0.9999988
0.847436_DM_34.69_beam_526C2020_04_23_23:10:22.fil.hdf5,0.99880517
0.847891_DM_1009.89_beam_187C2019_12_18_08:44:32.fil.hdf5,0.9872279
0.849577_DM_58.94_beam_3C2020_02_02_08:04:44.fil.hdf5,0.99999654
0.850805_DM_36.23_beam_402C2020_04_23_23:10:22.fil.hdf5,0.9994555
0.85157_DM_34.38_beam_655C2020_04_23_23:10:22.fil.hdf5,0.99999535
0.853095_DM_67.85_beam_2C2020_02_21_20:14:53.fil.hdf5,1.0
0.854323_DM_145.21_beam_7C2020_02_02_03:58:40.fil.hdf5,0.999992
0.855238_DM_1173.20_beam_395C2020_04_27_02:17:32.fil.hdf5,1.0
0.85616_DM_60.48_beam_1C2020_02_04_02:46:18.fil.hdf5,1.0
0.857691_DM_1368.17_beam_0C2020_04_13_09:52:48.fil.hdf5,0.99998903
0.857696_DM_22.41_beam_6C2020_03_23_03:07:43.fil.hdf5,0.9999999
0.858921_DM_21.49_beam_2C2020_03_23_03:07:43.fil.hdf5,0.9999999
0.859528_DM_54.95_beam_2C2020_02_04_02:37:00.fil.hdf5,1.0
0.85984_DM_36.23_beam_407C2020_04_23_23:10:22.fil.hdf5,0.9999999
0.862588_DM_688.42_beam_235C2020_04_13_01:55:41.fil.hdf5,0.99999094
0.865345_DM_106.84_beam_0I2020_01_12_23:27:04.fil.hdf5,0.999801
0.868716_DM_323.88_beam_2C2020_02_02_05:44:16.fil.hdf5,0.9936232
0.869329_DM_56.49_beam_6C2020_02_02_04:10:47.fil.hdf5,0.998519
0.869939_DM_737.32_beam_0C2020_04_07_01:22:34.fil.hdf5,0.99973744
0.871169_DM_511.73_beam_266C2020_01_12_22:27:02.fil.hdf5,0.9993241
0.871476_DM_58.94_beam_585C2020_04_13_03:30:36.fil.hdf5,0.99999964
0.87147_DM_58.94_beam_559C2020_04_13_03:30:36.fil.hdf5,0.9999999
0.872391_DM_59.25_beam_554C2020_04_13_03:30:36.fil.hdf5,1.0
0.87392_DM_232.09_beam_0C2020_02_02_06:33:03.fil.hdf5,1.0
0.874841_DM_52.50_beam_577C2020_04_13_03:30:36.fil.hdf5,1.0
0.876376_DM_241.61_beam_11C2020_02_02_06:33:03.fil.hdf5,0.99999356
0.883416_DM_175.30_beam_334C2019_12_06_15:45:19.fil.hdf5,0.9974751
0.885254_DM_1402.35_beam_316C2019_12_18_08:42:35.fil.hdf5,0.9999585
0.886475_DM_696.25_beam_218C2020_04_13_01:55:41.fil.hdf5,1.0
0.88709_DM_571.06_beam_506C2020_04_13_00:48:33.fil.hdf5,1.0
0.887705_DM_237.93_beam_3C2020_02_02_06:33:03.fil.hdf5,0.99998045
0.887853_DM_53.42_beam_11C2020_02_21_20:14:54.fil.hdf5,1.0
0.889539_DM_514.34_beam_7C2020_04_08_23:08:51.fil.hdf5,1.0
0.894444_DM_704.72_beam_630C2020_04_13_00:48:33.fil.hdf5,1.0
0.895669_DM_1488.44_beam_483C2019_12_18_08:43:52.fil.hdf5,0.99996483
0.895968_DM_26.71_beam_690C2020_04_13_07:12:42.fil.hdf5,0.92908007
0.89842_DM_155.34_beam_3C2020_02_02_04:31:26.fil.hdf5,0.9803125
0.901025_DM_53.11_beam_0C2020_02_02_07:49:17.fil.hdf5,0.9999999
0.902095_DM_155.34_beam_6C2020_02_02_04:31:26.fil.hdf5,0.99948287
0.904849_DM_28.86_beam_579C2020_04_13_03:30:36.fil.hdf5,1.0
0.905775_DM_66.93_beam_0I2020_01_12_23:35:59.fil.hdf5,0.9999999
0.909908_DM_55.87_beam_0C2020_02_21_20:15:48.fil.hdf5,1.0
0.910801_DM_64.47_beam_8C2020_04_27_17:57:41.fil.hdf5,0.99379987
0.911744_DM_66.31_beam_4C2020_02_21_20:14:53.fil.hdf5,0.9999995
0.914038_DM_117.58_beam_707C2020_04_13_00:48:33.fil.hdf5,1.0
0.916495_DM_113.59_beam_635C2020_04_13_00:48:33.fil.hdf5,1.0
0.918726_DM_3066.68_beam_7C2020_02_03_00:26:36.fil.hdf5,1.0
0.918726_DM_3074.68_beam_0C2020_02_03_00:26:36.fil.hdf5,1.0
0.918939_DM_518.25_beam_98C2020_04_13_00:48:33.fil.hdf5,1.0
0.919705_DM_113.59_beam_6C2020_02_02_04:35:38.fil.hdf5,0.9965892
0.922001_DM_270.47_beam_0I2020_01_12_23:59:13.fil.hdf5,0.9752337
0.923841_DM_1095.98_beam_36C2019_12_18_08:43:49.fil.hdf5,1.0
0.927516_DM_433.49_beam_5C2020_02_02_03:06:18_1.fil.hdf5,1.0
0.928431_DM_99.47_beam_0I2020_01_12_23:26:56.fil.hdf5,1.0
0.930271_DM_296.25_beam_0I2020_01_12_23:31:06.fil.hdf5,0.9999993
0.932412_DM_430.88_beam_3C2020_02_02_03:57:29.fil.hdf5,0.9999598
0.934862_DM_94.25_beam_3C2020_02_16_02:00:03.fil.hdf5,0.99977654
0.937314_DM_52.19_beam_9C2020_02_02_05:58:03.fil.hdf5,0.9999999
0.938513_DM_977.51_beam_363C2020_04_27_17:56:12.fil.hdf5,1.0
0.940991_DM_95.17_beam_491C2020_04_13_00:48:33.fil.hdf5,1.0
0.943229_DM_3054.68_beam_11C2020_02_03_00:26:36.fil.hdf5,1.0
0.945887_DM_241.00_beam_412C2019_12_18_08:42:55.fil.hdf5,1.0
0.949115_DM_915.48_beam_182C2020_04_27_17:57:47.fil.hdf5,1.0
0.950425_DM_194.94_beam_0I2020_01_12_23:49:33.fil.hdf5,0.99994767
0.950786_DM_52.80_beam_4C2020_02_02_05:58:03.fil.hdf5,0.99930274
0.950789_DM_631.05_beam_38C2019_12_18_08:44:06.fil.hdf5,0.99999964
0.951092_DM_75.52_beam_0I2020_05_24_23:21:13.fil.hdf5,0.9999999
0.952013_DM_557.37_beam_34C2019_12_18_08:41:43.fil.hdf5,0.99999833
0.955234_DM_81.05_beam_2C2020_02_04_02:33:16.fil.hdf5,1.0
0.95707_DM_106.22_beam_0I2020_01_12_23:45:10.fil.hdf5,0.9999989
0.957523_DM_719.72_beam_37C2019_12_18_08:44:09.fil.hdf5,0.9999875
0.95936_DM_437.40_beam_5C2020_02_02_04:36:03.fil.hdf5,0.9990464
0.96488_DM_220.43_beam_0I2020_01_12_23:58:20.fil.hdf5,0.99971205
0.966258_DM_68.46_beam_5C2020_02_21_21:38:09.fil.hdf5,1.0
0.969165_DM_1139.02_beam_1C2020_02_04_02:53:58.fil.hdf5,0.99999106
0.971616_DM_653.68_beam_583C2020_05_24_23:22:13.fil.hdf5,1.0
0.97238_DM_52.50_beam_1C2020_02_02_05:58:44.fil.hdf5,1.0
0.973605_DM_279.68_beam_5C2020_02_02_03:24:28.fil.hdf5,1.0
0.974066_DM_721.68_beam_413C2019_12_18_08:41:48.fil.hdf5,0.9999999
0.975077_DM_3054.68_beam_3C2020_02_03_00:26:36.fil.hdf5,1.0
0.975902_DM_1421.34_beam_494C2020_01_02_15:33:12.fil.hdf5,0.9999857
0.9785_DM_257.88_beam_10C2020_02_02_04:32:08.fil.hdf5,1.0
0.97896_DM_321.43_beam_0I2020_01_12_23:31:46.fil.hdf5,0.9999435
0.980187_DM_99.47_beam_222C2020_04_13_00:48:33.fil.hdf5,1.0
0.984475_DM_52.80_beam_3C2020_02_21_20:24:51.fil.hdf5,1.0
0.988148_DM_63.24_beam_0C2020_03_23_03:29:17.fil.hdf5,1.0
0.993664_DM_69.38_beam_7C2020_02_02_04:26:37.fil.hdf5,0.72898537
0.993667_DM_2737.80_beam_195C2020_05_31_18:22:51.fil.hdf5,0.9996731
0.994279_DM_271.08_beam_34C2019_12_18_08:41:48.fil.hdf5,0.9999988
0.999174_DM_36.23_beam_0I2020_04_13_01:04:46.fil.hdf5,0.9997385
